,Wallet Address
1,0xD4dc7c7AD587E86D7e99649977B51101f85F97BB
2,0x49e7F98B3468Bbb8Aa2Fe80282cB6aCa3904C84C
3,0x47cF50b47c956AbF687912B3b377b40d111864f4
4,0x541c54941bBB237594bbDecE66619952c2EdB228
5,0x96B85D3Eb19D4a64Ee05dA12eE9a395457a5f1bD
6,0x20cb97EbC067bEfc988C5E2FBB198cd9E2c40c93
7,0x249A73411daaF312bb85929179eca27460DfD7ee
8,0x775E730390C1F23e31152c8C1E964eD6515dA83A
9,0xF824CbBbfd20DbF586423Fa52923aD5E51716a21
10,0xaf2500A7500D4Fe1237f685Ac22769c03756b220
11,0x4c9dBcCf2d089adCA283b628489816c9Acf810c4
12,0x28b70156ac20092a961c04AcEEAd0De2e57AEd89
13,0xC5AdBAEf21Fd50C74De85c2ccDa0bF7203297F66
14,0x81B53ED68aB9970d25820add55EaFD4A7816413a
15,0x988236e5A0a27c62124D131c2B8De67189532100
16,0xFADFE7eBA161FA93E3C40E78d8f6C070339c0bF3
17,0x5b7f18C219088bC67f454c15Cc294705DF05C4d1
18,0x6b040AC1fB889273653e2BA9a4ba6D3443707391
19,0x08Fe5b82cBbE43b70385575F39F7B170F7AcCBDE
20,0x31E69DBD391C66D8764BD915DB8c1D0DD9B2D359
21,0x2597D10AE6358b9D67B0037eD011783fd9738506
22,0x52Cf17C1dA9eec8A28832c48A84B5F560EF1D8ff
23,0xe1Bf7f1de9296a956aD56c607DAA58258eB9330e
24,0x7CE4d8B5510DB25E1A165a451B8d173892A41505
25,0xC017F54957fD1F9a1510B8133aFBf57c8dFaDF1e
26,0x798C991e9738F0A80bC4dE531000a798fcF46f08
27,0xf0E443a808621Dd2E4A054B2fa9b7b4ebf7faD9f
28,0xe9bCa6F04Bf3281D2195ce6eF82DA086D20dC744
29,0x3B021D9B15542e1450b31826498fC5ae973E517C
30,0xc1C163CF82c7b9f00d4aC4e94B8d4dDd5E670003
31,0x1054BdD0647531710529cE39f0645e9e97ae35aA
32,0x8EDa50A0AB7f82e8907710c3CbA92AC3c5c777E7
33,0x571a6F75C62267Eb88BdC9BaF7D875269A5EdB0F
34,0xa2b1Bee8f911E2b5094e87Ba24C59Ef9adfB84Cb
35,0x410BC34dEc3D3b8A2a0bb6167D4CF9240F1ce925
36,0xDA24aA83ef7c1DaAad3e40c8De2e4737908BF636
37,0x96cD8CFd81Bd94dcCD03B43af3a7E3aFF053Ce1D
38,0x3b86578533BE876D5274b6e1a0d809153C46Ee72
39,0xB9EE5B7A759018d01DCcF97c90D59c43204aD879
40,0xe9fC8D24063e4fC60863E59CF7d355A9f446Df9A
41,0x9b5ae8750d5a02568b60b5895d6f727bd61cc488
42,0x10090B2Ba12206264a82a18fBfeA6e6e3D4e0852
43,0x86813Ac69D86Bc1aA7E18765bFB6c8250FE098F9
44,0x74ABda93b21f016A8C3673538797853ac8F92ae8
45,0x796a87C3CdCF7294B5A5F921E7951b918f7F4ECd
46,0xB8410c4b10Cb3ec99ecA5521Bf0189cFd171fE5e
47,0xeA718dF698A8622187A2920BE599396c93f76667
48,0x5D1b7D7Aa75c64DeD70f089bD95322BDDeC72BA7
49,0x60825e899D0b49398AD73fa59B95B2B7BB889709
50,0x1c705a67f952a67d878392edbe37f52ED71b4c39
51,0xB1e4c7329e352AFC00E1f22c229403D22BD56A62
52,0xAdfD576DDD60BB0D730DEd731099F37514dEb35F
53,0xaeA3D80E982F9A341266d5562e43fc71CA17F76E
54,0xE1B829bD4DfCc4f9DB2e532481E39Dd5D49b82BC
55,0x39B753c81C54f7bCEDAf03FF5512Ad4239179585
56,0x913A12883e39fCD36B7fb1D583Aa30d48976Af2d
57,0xCf4e75c9CCFfBc6dB98d43256a4D3721C7d09B2b
58,0x80A41e88355dAf6fdd90aC76d45761Ba1F277605
59,0xC8eE6F074786928374dce78391c2Ba5039F2f288
60,0xB598B04397e2569c2Cc53E574773FdCd5F1d86Fa
61,0xcFaed39B4fC0e05162aB82D081766f0C9bAaE1AA
62,0x792c68eFa4F64c3289D96020e5a2ad5A2d0fEcCa
63,0xC0Ab41736E08901aFd169C3486053a43E8A65339
64,0xcdF36E96587306B38ee0E49f530124510F9186DF
65,0x058BD624386C5D8B31EF7ac0E6F5B8ecc543a1aD
66,0x22F6E173EE638eAC5Ef235A750990e049b9Cc62A
67,0xe234d12cf319d0a459cF1016d2Ab825BFE4FBFcc
68,0x4748d452cFDBf9e08Fa41a80AC6ABf2AFB3D7376
69,0x1652249a355568c02fe2Eeb949da86BC7fb6C326
70,0x34e9978df3467C01432d5445d4bdEB312CBd5B9A
71,0xc40ED4BE2729853f167DE848fBF54ec0900A7EB9
72,0x0C34eBF011f25F6b886738d8B5566e8B634fFFa1
73,0x317CB915f3293974A0E021b22b31a3056f07d57b
74,0x74Eec14061B5AF562c9564024C939E3E0c873ADD
75,0x403f211Ec9BF0270888e8879d53597820B5cF438
76,0x15c85B2223610445F95BFfC68803e9A0958F956D
77,0x41e853e6EaC28490d712acAFd4888e79e541f977
78,0x3e1939e4BbBDAc9737ea68EAaC1791ee9E03aA82
79,0x72E2c2B3Aa9f54A9759942d47E860F2332bb35c7
80,0xDc9019F1D4D504C1F7778Ffc132D3b18bB2698F1
81,0x19DFbdbC66A694b7f8874f67EC998cd992ffb614
82,0x65EF3B6604b9aaBaC2f9b70e5Ba7B260DB265b07
83,0x23a018f8ffbb9538d3D269a76E210023e7b69Aee
84,0x8C1F7CCc8DC86802A565CCF4BdFAe8A86883a854
85,0x8127494d11632e0c573bFb4Fe15a2C0Efc690586
86,0x9f6f24D6085b6D1F75fBB363089159da7dFF276A
87,0x748A8Cc5dc62B0E023768D37A9caDDCF5A58D990
88,0x044e9AB3155A2059f4FCAfC41cBC540Cd0c63722
89,0x643C4560c6D6DfeFDe6c5541a0E70B2572f12dc9
90,0xE23C5C33857Db798a87eBc50142C43e39B6Edf34
91,0xDe235F124d8EADF0dEE7B3aF4eD6Ac2Ddb877468
92,0x0987220E68cAa3923CAB63cFe9B27F0f97607387
93,0xf5b6021b16f2a9456E72f21243029F89DA635c25
94,0xB71b2eCc3DAa289452d6ff3b34Ef2F5643337505
95,0xd94E611c3b095fC23ce0404ED3a772937171cbeE
96,0xC6406a0Edc65Aa4021c859852841eB9c874d7c9d
97,0x5D341BD863F82Fc66A0aD40f03213fC4270ED00A
98,0x608564E9a4fac4B4736ECff963b0B73Ef5D3C3C0
99,0x75852E9f99224E231bB3Cf1906947A4113cA04c1
100,0x54D6F46a30b662BAF483fFc00dDB0731478B3A85
101,0xB3CD6bf9Df08555DD5dA6FDDbD5902913e73DE05
102,0xce7169D0CA5E734e799aE5b57d6FC287E2A57d4c
103,0x3B0F627E5051c40Cf2787C9cd954E40a3d44E753
104,0x614099A468bC83492F53b404E241492FD3b92525
105,0xDAAcCd910030b8611f4a0b9Ed7AA82C5259a77bD
106,0x5c14c517991C2bd72c3495eFeD8C9AEfDbd8b8e1
107,0x7E9DC2D3D3B19be012A0eD0aD7852d8C3bd1a033
108,0xD0798d8AcdB95A3f980A39bf908F5Ebc015304Bd
109,0x17a6b7FC4d460a9533B38D4e91955702e6323998
110,0x4cC1A6Ea4f5a554213976C9a72D32A8f7CE6D965
111,0xd5f83f63eF6Fb7d5D68A005aCf61068402d0C6AD
112,0x6Ab114A5b4969d02f1BA31754dE0b92e015510Cf
113,0x84537E1F1ae3EF5d44195C62C4F4Af8a5D8b048B
114,0x1Fab8a8454A130a84E1dDdAD14f91c298262518E
115,0xcd0b67a61E5e8F4616c19e421e929813B6D947df
116,0x53C0ccf437CC58F7b713c0950c77C67Ad0B967ee
117,0x5Eb1b26610D5e26D3ba66EeBAf08F77339528e1d
118,0xD1A44d059B5E4a195721EF0a73C3A5ae8cDFE758
119,0x7da93a09adb654755eC8af731B06D74f565A4a5E
120,0x62AEB1d46D4cbb804Ae14ae3098C2A7E0578Be94
121,0x22C7Aa67d50B54Dba767F8bd033DF11dE1eb0859
122,0xFb7D327dE8b2B37053F92c869A7b71282F48d781
123,0x168a27c3e4F3cE3719363DeeC1874A597D314A0A
124,0xe88e581895d47e34e0e49BbD36faC8b9D0C0527D
125,0x85144925c10dFAf89cb3E6bc045d06b6FF77125C
126,0xDE4F9D6ca1834Aa04d430cF3b7a444DaEeeaB908
127,0x6073C3A1C92518313e74a76E3fa955ADa495F80d
128,0x0A32d14FFc9b68baC1F7f356D9166C49d7A120D8
129,0xfD17007A17e43b074dfa1D6FEbc19E573bC125d0
130,0x007824EBA599d45a9c038aA2f1B64807699a6eA2
131,0x71C8AeBC492e6022FEa302E5a9dF2d2fdDa64bb6
132,0xaeD76c11881bf6031FF6FAE2bA8DEc6f9C3aD88D
133,0xF6888b1C0Bf746f54dba65d9C6E986322dD4D0dB
134,0x7Ef79b6E5f9e15d886EAC582dcdA48A9c8372F5a
135,0x69BC2a75AF660eE59BADaD86b78d4514263f1ef3
136,0x27Fc53648Cd9AA61f13882F84a1C231AE7f08c5d
137,0x53CE838d63763Cf6272B22EbB8C56feff775d983
138,0x31fD2cAeDfce12A959b1B37cD43122D25De8976E
139,0x405eD99e12dAf1ee89dBDd1d0D4fD933D63Eb13d
140,0x2dE5d004f6766d0Bc2840fB3C15AE588629Ec1A8
141,0x8F57CAc0Fb0936e5aaE457B82f42d9e7938A359F
142,0xd911b9aeED8569Ea02B55225963D37A5d688D5C7
143,0xbe13517a2b520b2449068D2ec45280992B04047B
144,0x323b06b87c80713242F3Ed28A989AC2b19a9936c
145,0xe3e28E90e49058aC2Bb8087d27D17f8B9Abec021
146,0x7465F6DCE804Da639BF54EA8c70ffE5Fae8F943a
147,0x48b5bAc30e2D8a0E95d34696403d2734eAd0f825
148,0xEA261fE8349865D6D27c31E2d573a0840f30dF80
149,0xBe236b156768801CCAF59d3AeE864f51133aeEee
150,0xf8f504b2F3aD95B259458BA3EC59AbF4d50f93Df
151,0x61748a8A341E9dB85Dd98f1391e4dd77E31fb7AC
152,0x8097B970A3C05AB577912EE29E0D782e03cC0374
153,0xbaF2F9426521C8b4e955DC9e8f888095DD1322B5
154,0x3189a6C511f0Ebb5E6332074741485ADe089aF9E
155,0x8E4cf4892c3b16508820d9D4e70954bbe251e439
156,0xD0675A14669A72c63e35454A0e66d1e1159c743c
157,0x770db4F31C40B70E3d98adc125821CC9ADf30616
158,0x73121a964102f44Bd1EbE27aace25A406742CACe
159,0x1Fc66fF3df2B182C3Fc3B3dfA2d2B3a42Bf3792d
160,0xb5f936A9A4e6EAeD966D974994323Ad8560B563C
161,0x0da20193D03f157c203A0146A4455D22FB389997
162,0x0a6a7f79Ee43ba9950796Dc12bdcF800619a90E2
163,0x4d10C6F9b1DA7eF1c68F56Ae732eE33E66A9F6C0
164,0xb066D85234A4A837F1045ef66B6F67AeB0a9dbf6
165,0x53eEa9C0f07E0d50824BaC8849e3D94AD072a463
166,0x606a0E610A8Db7A95334809d5658C28396B3Ab0f
167,0xD0c386Bebbb7923D30fCf9FE69F753682E4C3465
168,0x2132ab8DfB9C5072CC1B03F0E80557762cE46b2d
169,0xFA13Bc8f14b8BD9E97C20f458e8E44aC54e454D8
170,0x91eF4B1685927a5Ad1C63d3565754B4fE78c316C
171,0x99b1FF8aEA1F5758EE05B3fC8F9233151F1304fd
172,0xc3006E9261A2512e1Db4A6666f1cd288967463f6
173,0x4FE730Ec47319BDb9EeAfe564f2f8E4Ab813D95F
174,0xF41B24bf796F2ac0f0A45e8b1FE7770D344A3D9E
175,0xD509299B6adb892E1aC32d54ffFdFf3E4bc88dd4
176,0xaB40D458a06b0b22b0657BE68945F8151cE79682
177,0xC4c4840095b0476bE418B10A5b06Bbef1f155CAd
178,0x123e81FFFf6c5aE75d16dddd6715656C0418D15f
179,0x383176fD45926BB44BDb7e50a518592982B39088
180,0x025480633A64bBf8C6dded8e41bc023f7fCBb8cd
181,0xA33851699bD835BCEd094Fc09a0b042dB25ACe1a
182,0x99daE7af846f5855E1Ed0d40ce28745B7f607842
183,0x64D5c63F1A3FED8f2a8394eF0b93b9965877aF97
184,0xEEb8453144aE0a219a783553273909F0DC9287A6
185,0xA29f05cECDdFfFf841ee2f1BD0e1d2469c7e34EB
186,0x2C5406f3e2965d6Aa6bE49Ad68bc5d5aBa46fe20
187,0x88f6a8D5a0af3dE9D3bcA8E59D62D382D739B490
188,0xf3503f5e1F78A5088302278E7f2EACa5110748c4
189,0x02E130e5ef491eCAC33deaE32B9725EC017B784c
190,0x0bf70B734758CB03f2a11b95Ea47d600d86A8BEf
191,0x2ED52EE44dB005c451FAad0C212Fc17BDe534Bf5
192,0xBA6584e0d98280D2baae320D3d1C2ED615696103
193,0x21BA2a77ff7125469A94744EAb208ba167E1fCB7
194,0xa6cE5Fb8EE069BAADD0926A96B633a69092e1484
195,0x5b2090929918FA952Ce777377824673cf4Ccd5B8
196,0xF6FEE581a21B1D1c4730DbD41493040da8597505
197,0x70D82A210D75651a769bA10A7bb4d7A0fe3Bb92F
198,0xF843224190304Cbab152FB752D349B2968F87B96
199,0x3736Bf0587fd69B9364D72344c12D1Ae7fD62c92
200,0xEc37CD5B895eEa58cFA42c06469931634D5eA757
201,0x76A2cc8e29f88bBD0d39057019dEdA42Bb4C73e0
202,0x5bC3F3B8EaD3C7e62503C1FB1f7c00424cB1c1C8
203,0x740800F03B6471293b1B39D254cD106A8d62f6b0
204,0x1f48Bdc8363B81500AB8495211Ebcd707348B628
205,0x56bd88e6c083f685e9830b5db49cc49d70f792a5
206,0x83b21b1b2ad7EB24E63143f0e5DABE54cbfF4347
207,0xB3a73C521116f0E7604C6a2f01e4Cd71747c7918
208,0x2B98F8fba21eA34E868C0A9ef5850A611Fc9aFd8
209,0x6Ce617317a75aCa2c9F7129bBe329BCD242c884A
210,0xc35e42F2A16385A1695BB959C1f49FD5f67c1F5f
211,0x44da3c7F8769ba838225c32c5aF54014A299082A
212,0x7D7fdA374aB3eDf5EA8c36f131F20C43D8d9d739
213,0xC55dd02751825CA269f1F24728E2dA07F12B2d2a
214,0x7933d1761B1C090c476fff60FFf1F74Ef197A9a1
215,0x365aA766834501c103a3e405d154390b5b473b36
216,0xa3BE090890198c4a4c9D0D8611f45a3eB32DbE29
217,0x9E9bc2485e9FbdCb41775d08Ad0E2Bc5A7655DfB
218,0xdCC0b5092CF98CC7B2D6f3612960749b483B9a04
219,0x0908033D4B65dbBf51c42A7f4cA09D0534F2D346
220,0x6863feB9992f7C6cBeF018f2d0c8888846Af7b96
221,0x408D2D069fE66110B92B58d2C206F8E3462bba2E
222,0x8b00fe73d070D35Fd2c38A9d1dF11665eF278018
223,0x038aC8BbF39b8cC8A8C1ccBF3F127A9D4E1CcA89
224,0xD710514144d2eAAf3f7984313D164004491de193
225,0x430B690e72c32CC3c07b87d0f123Cf9AE6B4364d
226,0x367F3fb9e8EE7E4f496B07ec47a8D9B77734fC8a
227,0x94A484F5D92D3921c4E7f36dBC8241f79A7eCC06
228,0xae45915Bd68F7ce05414D02D1cdD79bD24f47d60
229,0x440083c90B1AA3f5CEfce4CE5Eac941324E8ABdB
230,0x3EbF904A8cEd5FB00349DEf97460aeA477BCF86c
231,0xa7D9143c0f4B1F6c2029cF2B668D673992bD43e5
232,0x9D8Ca95e7DDAFa5e822Ce93c55449fE533c4D305
233,0x2271cDC1115e9c14bD1123B2C2D48c31ECe0cfFb
234,0x725426Dd56484f946D0d501D9330Ae7a09Fe6C04
235,0x99ea2a65F4E63c15C9348cbE030bCeffa2647e43
236,0xAC805ece0c3571Eb793D3B5256c4744cef87BcE2
237,0x58Ec42b7Ceb06c3532a023A2596702B9FAB6a3fA
238,0xe2cB2f5818AA66c665C09ab85bd68194A71E566B
239,0x5a263E5666aaDDac6F33B02256819dEe6f49BFeb
240,0x1f36DF3A34441e22449bCb7dCfC55B1946E9a09D
241,0x63bC59ca5618Ffb2D79f08Dc1bC8dD65438649C9
242,0xf2D3824082eF5D893337509af215c191103D4f2a
243,0xBef4ff91C1Cf52e5860A4e6EE5c4dce3ceaA6b8e
244,0xCb36F8580A36788A48518dEC95Ea458357E64E30
245,0x769126ED2841000217E769d42B4Bd21FEBff202e
246,0x216994a6f8eeBf45FB9FeCf8Ca23db5e76ed8196
247,0x59f27eFb089842c3CD9AE45FEf149b39d2E98229
248,0xD5D9C97E3eCb8A540600Cf55A143D7868f71C5F2
249,0xF2c2697912f3b2f6621e6156644D084875b9EA11
250,0x8A6E76e0B2E1d58b7A9c970202F9B5e28c1170d6
251,0x33acc68d84830bc40999c339FaEC35457d59F8Bd
252,0x91709C57Bdcb8C55993c39855E85eEDA6E728a71
253,0xE1B80C9A4e0EC163c3E0B081D828eB35F1422444
254,0xf4F52e19d023854f44992e678b10688B990F783D
255,0x1022428276360541d5Ab66abf77810a9E95665E9
256,0x9b6eC76a0b978395DAFD143526Ffa867a1F0D7cF
257,0x48d316B9Beb1BB41DdC886b7FB52e12a0F2d06a0
258,0x7944b9376a18e07e6114E0397247AA51191509Db
259,0x745dD9982ABb3C068A59192EF76364e9D12bd650
260,0xc2cEf069302Ec957331F5C27020cCdBd3Ed60F75
261,0x33EC2F6A2256c3789495b52aa2a228F0C4F014cd
262,0x35800D56BD29cBCD024C3bEEA49EE6a21bA4f298
263,0x953897852bC7C924F1393A43AeF042d7921bfA38
264,0xdD13C0e10b28A06aC25A8529b68C07b87726F33d
265,0xc9408Ce5A17d9c9A31806fbAb32E3452D224990c
266,0x68bA30c92bBeeaC0725aAc5074ce490B4F8D4Dd8
267,0xf318146EF52d77A4f309A6721Ff126860137CCfc
268,0xE85c3aBB198960Ce6949297Ff8af2293e0621a29
269,0x29eBeaf8613E80b86f01de99E04732233021D03d
270,0x13D0e6c8D7F9cbdAd4A0021D4f5bd976c9e4EeAE
271,0x58A339C0f7bA462534908aa88f7cAAA24bbCD3dd
272,0xfD781Ff2b7E29281fAF4B0C98BFF4765F10803Ea
273,0x14ecbA0E84367D733BA042BC1283709575Ecd79d
274,0xBA9f2d03374b3780dCd1326cf8a213fcB8295602
275,0x8568f024e33fe8F10C2dee07458973541D5Bac8c
276,0x3A03c75d5Ce482e9F95CA07B57895dbDB810cf6F
277,0xa613408C296F32eb5b529852D2eA88b37cEC9127
278,0x97bf40C4e1D9Fe374eb6224cE38aFB49FA9C28E8
279,0x59554932622F839b2C9bCBb3C46C3cA398c0B7ce
280,0xA2A411952c98f4aB877c305077fdF2AbcceFdff4
281,0x4bA3fd1c45a0Ea8298475BF6c48f2F267dA59405
282,0xf696dfA1896F03082139749DA1149cA874d150e7
283,0xF488ca8C235BCFfD67394D21ecb9c90242D79535
284,0x3c36F44BB72a02cA9D21C266950b4ef48f657285
285,0x6Ca3638455c4eFFEF791f55eFf2076273957AdE8
286,0x97C941219b94dC032e47AC78426A994534414029
287,0x29Cf692Ec93448E7FEEa4B4BA03c18f22EeCB26C
288,0x31ccD36cb2991754496B28407E241aDcCf830BA5
289,0x57b30c098b6ce800081d88fc5d5b7a5bdd47c791
290,0xE0a09b329D2b45fD9c8003bae67e91a0eB92e279
291,0xEDbA282A1827aED2CE2E01A11ed724b97e2bF044
292,0x4220c14096fC8Feb089a0Fc8a9A96C2A08125E6C
293,0x204a6dA362a67D50a8d3565ba3C865dD240588Ec
294,0x77386b733FbdBDa94f1592AaDC1ff8e49495b21D
295,0xCB56F17a108Fb1106b664245d3883086494Ed2d3
296,0xcfE2FB2a398180A560aC3B6573372BdA751e9db8
297,0x5EE2A18546660B3156B0cbaB23274d0C032Ed8F0
298,0x54aFCc7930366B7cf1af4F083e92B39Ad7A7645F
299,0x79929E457122302b15Cf5A847865b0A5a890429D
300,0x0C6671C7CcBd0acDFD8f647085DE734b359EBc34
301,0xFEcc79f048fbBA3bA63D86103eAF7364FD0A9801
302,0xa3BdD0dBA8b3194Ae3c94caB9F950E990f6D8bc2
303,0x4492C30AC3Fc36699bfb1A6Ab9069Da6faCa8885
304,0xf68698332841aE62f5Da27a1Ab9ffaFB84662A91
305,0x3F891E0a52d68D6349352D9E6ECd7b1E252B3Dc4
306,0x68f76348e8d71DCA0d2e1e367d1C0fd0438b133E
307,0xc91C36F98E2755A249057163D1f7A1B6Ce8879D4
308,0x6F61A6321733cF2774CE66a84b35457B4f02fCb4
309,0xD0B74BAE747a7756644B1f453577449055693A6c
310,0xE8eC1A7d0B42398c025E8181fACB913Ea062150b
311,0xDd54Cc8Ec7e3937c0b7dC7b95b5027757FC41f43
312,0xE859fFFA812c7302e625ae21151CAb20F86C176F
313,0x3176B1e7B19C8466a951e455CEDA6aD51fe2FC20
314,0x30eD6395db083a3B1F9155407E9C8fa13946Bc64
315,0x0D20781e4f819C5aD01733A946e50eD1895Cc053
316,0x79aEdCcc73b193fF4A29E8f084478CA548746127
317,0x5E685Fed78a1C2E1eE81A6178Adc94678ADe1202
318,0xcaec9881964B859E314C3AC98121acb306e2dE7b
319,0xd6Dd7FcC015c27D032e0AD65Ed39946E6680b103
320,0x7f680d342Fa5f18648484078Fa5D6d6E4a216C29
321,0x3647eBc76CcaBB6Ee2Ca7C8101009bFecd0ACbC4
322,0x823eb8F7c5F7880A23145dEDE6541CFa8b3C3B13
323,0x347E37553e2d3D21e66fDB97C4483f4918dc4D79
324,0x88a726b14146C4d981731F37144f4F9C0f2554BB
325,0x4CFa84958ec994fC0f6A4772a049CCa64C75A196
326,0xf1ff3A29409490355a0D51b174460DF1A9ed2007
327,0xf21e38ac177B48fDE02dB7F2CA97466AE8Eae87D
328,0x3E03a795eD264B0547DD6A1a68D69Eeec3d9E805
329,0xF690cdbFb7546dEEdd96FA937526ddfC87A3003F
330,0x385F91d360E247f21F570E62c55e925313FEe020
331,0xe5b36d1e1F85cf4050423113FbC7eA060878Bf56
332,0x695Af96e13b20790645A1CEd9bb22A7d4Ab473dC
333,0xb6928dd082b14Ac38Bbe0BA5D614E6941c75C521
334,0x1b94eb5699197233A921C5A7E5745cF4aE8bcC00
335,0x3DAb32c67F876BCf6809F2f7018EfA1754d5F06c
336,0xa68AB8448510B2Cb749226B959b71349D3988Fd4
337,0xE31474B33b94F0768f2de1A40845aabFB47839DF
338,0x7A4F5158feE045b0D4135AD9966A10e6F3e598E4
339,0x90E68687c931cb3E747dfe4d7932f62463e1ac85
340,0xD189ae7Ff7a498b6cC024B55207B81cfcE6bD77f
341,0xd319afA89936a9C4B90b4309d40310DAE1dA2f22
342,0x7e6c066f1CFE1A9Ee8Cd770022D3BDEBd642D7d7
343,0xd528c2e6BbE9E16B03f34D2F4673608625F32332
344,0x57ED8D9A061a066EAe8f72899991094a13Bfb981
345,0xa4CcF970F711cb13B9c53698c43Ac77434CE2B3D
346,0x88E72e6ae90eF12e51E00262de9dfaaC134DCdbA
347,0x1403eF61408F0d54072FFd6ba9bE8E57903c5987
348,0x369DAEE388ea07c076EA9Ca0D96Cda16e2daF199
349,0x0c9eCECc5523B1c3aDfF26764b0080372aa62139
350,0xF93F2372C1e0C18Bca2D5038466041ADf4ABab77
351,0xe02f0E9b9Daf9dEBa4b44fC959f5bee0256aBB19
352,0x99eE2509Bf1cE325D391AA73672E5322f08c6505
353,0xC4bEa063182DB546782f6AdfFB609E802faA1997
354,0xaB8C451Ea534bAb7d561c1DD774883FD3461f44D
355,0x1c528380B6941F410bbFec96c56dA22A4f3cB324
356,0x1eCa49c976bd46A06517C6B0Ce251f9f471Ce693
357,0xfD9f8f64020873BC29FC8B71154f3FBc19082748
358,0x1A4fd05f9aF4A313E4ce1c86eDF55A0A7d333C91
359,0x0F33848d7A77be8389259de8Bc69A4B34D8873F9
360,0xCcd3B292c8c9290b57b9c006731cf8664C194D80
361,0x7002f6D199Ca563392F8a5433379995d59696790
362,0x20F6c3184E068D9935D68c0D658e2f2C32B0EF3B
363,0x41391B11cA134Ec2cA02f7227621cB6D8DE59BE8
364,0x2047c237a50732eCd48C0d4fC4831d133F2Aea16
365,0xfa5A03b0C4Ce28634A185368400dec4f0B02eC2c
366,0xFF5186E1857889004dC45ccbFdd4888d58e66D41
367,0x000BC88BAaadad1C23803678FaDd0fDf868b95C1
368,0x41f204714d99f6a059083D5AdE62eBD999FF1465
369,0x4EA02a77a66002567Fc3313be63E86d7BdF00909
370,0x0CDD588f1A56a2c8380472e957e3467b0B7e036b
371,0xE9C0B7D65f9C6aC38967c9c11D8A6b373f0c0151
372,0xb418bC3bcb5f9688ca6a17325cAB41e8fb822ED8
373,0x5De74561D922d4B0c9D41e9e5Ccc7ADdc1035B74
374,0x0e09da9EE4D25608E54351aB288730e45e22E0Af
375,0xFfD7C24085EefB21CAdF04061BFc68B63632A2fB
376,0x2255085D8117C123573BDB9a8dA99D694EA26B69
377,0x5DC3424516E1E49d1Bac23692d436aF65c671Bc5
378,0x0C9aBA7F9Af69Ff8f7bBEE3CE667aF5bBC68A008
379,0xBd677Ba323Ea6C2BEc629491763f908e710edD84
380,0xa4E1bD4C931410D447747722982aF536ef1FC767
381,0xd2245e9C156E16d9BF9243A411187319c3E877D3
382,0xd053EDC355E33870E82A7E565fDB11A726b89fd2
383,0x84037Ca730373Ee873A1900644E8CaDE61995171
384,0x824453cf702dD70FF8CAB4FE4743b69e09F9be34
385,0x668FAB5429f363f87C17B1d9f7eaDa702CadAe1f
386,0x1188055528BcF3f5Cb1bb7a1016581F478aB16d1
387,0x3aA760D90C70682B96d915a18DeBE61AE23D6EcB
388,0xcB5a998Cd81ff0d7613981A64eA2B1d49783b8e5
389,0x346bc5D3C3B96235606D550D26c9B2f527fDf33f
390,0x4262858DAe9E3b93dE6c8534599F44beE3f26137
391,0x7938B8E1f153A23A5516fdaAB44331b557AC0307
392,0x762e5eea2eC30e5A3c91939059C814a860dEDEDA
393,0x85c38b3e9DBebeFAC62b8AF87208469127f58090
394,0xd43BA4193920dA3A288AAf3400dcb5be62fB1dee
395,0x4b2498C70cd42dEF5e7cC47F0f2C90B33bad6dC0
396,0xC03e72A3Cf3BCD87ce9B1A32D3421cFbF5c7C0E4
397,0xff618e20Efb137acC406Ae9082A686F3940635e7
398,0xdF4C7E02ACa4e3b74E04eA5B527607a5A6eC16B4
399,0x3eF5FF075a16bbD4e7de2A337E38E992c95E2AD6
400,0x39C01E64057AcBB89e6d117fa25Edb4cf8060236
401,0xb9537af7c4ceb94BAb2B1F6AEA48D67eeA6C289B
402,0xD1a19d49Ba08cb152949Af60Bdeb22a7dc9D59D3
403,0xc7D791578788BE069e1C53BdB7DA63447774E0A9
404,0xC2874F4DBd40C86DEaC47E842dA3aCEe5c828206
405,0x9e32A85Edf1096760d29A71cA8A05fe87B43Dc75
406,0x4a8DA11782A4F039653a3175FF34870B465c81BF
407,0x7e3Ead2DBeF337a4D82cF3C48a9957470314246B
408,0xAf748c76f7B7503aEa7E7B35769461B87bee9a06
409,0x33da0d43613E3ae446371d1F821f2390eA395637
410,0xBdF6cF2248Dcf659b8CD54619929b89378600B53
411,0x623d7f1B5d0F38FdD0d82efb4791E2A1bbfEA212
412,0x1072be5D002347e7d9C4891caC1e943eC4476612
413,0x1B31411B424b7C62df68Db69dC365CA6d7754e68
414,0xccDa224CfdA3B8dDe0b25B5c2BEac54490210B81
415,0x9D3c183970fB221abA1ad3a38e87E4a447BB5D54
416,0x841e34C8480D484719FF741F104463600843dFdd
417,0xc891a435B5BA4c3c434AF698B510db6fCc9f0298
418,0x5E8c392CFB4807275F8ad54155b3fa1C0E42856d
419,0x071524fF13792F6d393b91C790E733ebb4C60549
420,0x5C9C38b6B0fea2c9fAb0A21b5ac0196fAA014302
421,0xE56ca85eCFA5BD83277eb0B5a043470b8Dda94aC
422,0xA93AFF167B82E83632abFEa1e39F0a46FC0bbA0b
423,0x268875C2a0E6899945b7280895ce3b41008D3f59
424,0x9e43241bbdd84BB3185b2e079207d6715Dc230A0
425,0x23a132E61f7F3CF1F8EC0Eff6e542486a7fbA6d5
426,0x350D749EcFf2d85264764907E8D83C89da9002DA
427,0xdDef9F20c2E50D03d3849ed3546328501D7C75A6
428,0xe997ce17102ab8270Ff5E07A979BC98049EAaC2f
429,0x0714782142B22d3aa08781B9217509448b89De6B
430,0xf0D5563E6fF79A7a61fEEF00aE923032A26cFd17
431,0x0Dedb63DF4DE5254c5BfeB0E86d7eD92b84C905f
432,0xac420e4a8999B2b6866CA8ABb870d6C658FeD8aD
433,0x125162E39e74F01a7E3329Fba3a60907FD75d360
434,0x8DC2D0A7747aBC6fCE2b3581c7c0593374059b59
435,0x3C7838665Ff8215c95500E1a6306e19E146674a0
436,0x48FEd2934d5f643C5e638365bD3F3D74350769dd
437,0x76028fC3EA18b832b606727DE135cBa592bD94CD
438,0xBA9185B819714B01F74B129096F37564D0518749
439,0x46e762CD5f9A61816227f990eee8F17F3AC69146
440,0xEF10EAc2F5Dbc105ED4099E331D598E79720d18B
441,0x685571fc6D309F09e1a74F1948eD7968f8761df7
442,0x940fFFE98a9b60dA4eCc35fbf8d4d37aD7e2510D
443,0x9Db8078593C6a05A75d4FE9AB1607e9f55b126a9
444,0xff209b987D7C98448CE1A90492fFbda9718652f4
445,0x0122D790Aa4f26f2ae8f2C0C3cBa0b8759869F34
446,0xB2CCb7742b1597EbD2aB987B98bAAd94d4E2f321
447,0x7D021D543334f29dff4Fb45EC42bc7194966a40D
448,0x2c0FBe57A5af73E31f563F0B8BC741C228cd2074
449,0x17Df7324B38D5F41c241A5baB23571E565F86E96
450,0x9EAFf171B8f422f45c1C14e8b28FF0A6DCf66fE4
451,0x2735485d589a54B7CCB0587C34c85De29957C6D3
452,0xDB3fF522A9d8353b236e710EEf4Abfc23c8C70a4
453,0x1B06674D798d4D8c8EaB9Bf7f1eF2d94Da5c1964
454,0x8dEa18666c02899e253F53a1681b67d7138D8db9
455,0x31c8dA10668e414F18d68C1fE0E858a5d1dE0138
456,0x40970B8A5c49FE1aA6876050017924C1e732bAE1
457,0x0160147f6Ac2c515ec46C0cc9Cb7bFFE54245217
458,0xAf3ab344CC5DF9835B1A80aAE8CF8933f366f251
459,0x5CC9EEE5e707F0a8058A81010781c9881DD9D354
460,0x61C82Bf8eCcA7b0c432411Ad038c9e2009ca0761
461,0x3c1650AEbff56BE9324913ed45649e93E0090d92
462,0x5dc826Fc424396788845d752F085F393d8a612Df
463,0x8eC1F7B2e95566976A001969e282C5b609267427
464,0xA16a7e222E9809581B7A0db1dddA23f9f4A63D5B
465,0xc9bc51fE338749c92134F3f08dD32332A08828Dd
466,0xDdC0Fc8e7ebf8Ca388a57d94A08CE607C0A79cCd
467,0x585a86Fa29EeA5BdC071eAB9666edEE758280309
468,0x647ad318601D2b276ab8C78D087987a79cFA3442
469,0x59AF3280B832A1149039d5771d3d9719e042C57B
470,0xA59B1f5Ccf56386982b9Fc76F5B019952cf3B6F1
471,0x5e4C20f6DdE1EB700eBc603d7Be0916B3132C28b
472,0x88054c25a27e735DB1244935eDa2A9c3B5128B46
473,0x104e4A76960b4bF24492a47239Efc891A23B2374
474,0x92433EFc437d5d92a11433Ed45D723265F843Dd3
475,0xeD99745C596E4fAD4c52aB0C81582d797Fdca75e
476,0x2A3fdc25021B2821A04c0740c43f6DbE1d55d0Bd
477,0x77EaD4Df84087Ac4eaD5cDc01B5CAbc50bE108E0
478,0xAf0dEdB8F10837311a2BAc16084b06513FA74991
479,0x6e14D51264A4AB6bD9dF5c67c4996F0DB159BF54
480,0xC0584E1d05a775cDAb1Ac676332Eb224b5470053
481,0xcfc5c031a30C8666A8aE7fDF2D307d1Af2976794
482,0x36f94f6c1088a9F8F56FEa2c7B3B7852B16197Bf
483,0xa7A96a76e0d6dB75660bE2023c435d48a7a36B53
484,0xA1F48F05C650F9d01c9619337B6Ac12FB7eb3606
485,0x58DdEa8fd7EdfE4beA60753f62caE0b877c3ED11
486,0xE8d6c97EE6f1EE27Ad40B7fB937e0c8d8017c1E9
487,0x75F03B198B8Ce54d45f65571b81F554A62048ab4
488,0x93E5f67E00726e9CcD224202c0Ed303089F07b4f
489,0xC491f90ce0E89Ee5701Ce4ABC88AF3053f8803CA
490,0xb7cc944b93eA5FD6bBa02810c855B64a1c29eDf5
491,0x91FC88b9E1c1A42B5f4cdc87d5cd067A77C1fefB
492,0xEAfAB0C49926f41Ac8D5B268495A0990d75E0f7D
493,0xFB3eb5ba1ed7e54EEc0f19880D6DB2454f894471
494,0x8a235643e7103BCe4fbAEe61A33d926Db0b522A2
495,0x4e9c88Ac869AB2C0eB8F8c2eaA1B4c0dd5d7a0b9
496,0x298E1e1D71c6a63E60Da8074fBdcCd6bdCfADb49
497,0x7CF861Ce8C8dc8ac1Ff41baE5DE4c6453D4aD10c
498,0xf29fdeb6ad295162a734c43ca4a0e069567fd1a4
499,0x93adD9e03B746c0D6b911A431c571CaCfAB65504
500,0xA50eFde634BD78c5737446e20960580a700C7bFB
501,0xE2625998f5b8Fe28D29D8dd8BF424c0fB34e3115
502,0x21c8D29149bFa7EcB5c2C62266643659ACd6a534
503,0x7a75d186aa181483f3D474b42465c78Aa6f0B007
504,0xB30b7C1196c85A0daFBbC6f98ba288e61089D148
505,0xEAd68AEc154aeE3B96003dc47D530f87d53aF449
506,0xB6e359ff759D263D4Ab9794c82B5c375e3f2Ca13
507,0x2e197Aeb44f85fd3Edc3a661B61F2473f086652A
508,0x6cbDaea2a5DfB751CA72907BCB448BE155d72fd6
509,0x39AB74BFCA1cA4f4dF066BEbE6fCEC54935db249
510,0x4a03a83FaBc98091D49273d835982c3752577fc2
511,0x3eFa45b0eC124e95d3dE2e340Ca80B138e6C029B
512,0xa602643A84A696c72F5997F005F50eFf5e98E232
513,0x6E46a0E3B25eDe5FFF29884ae94AC92705818465
514,0x84513dE653329359Fd915e19E31a3ec2B47ADF5C
515,0x76BCf29E71900c5A029fF253ee03616089171C6a
516,0x2fF5aB5F3Ab680181fc1fF4d574E971A608613d0
517,0xF708f7D6CfbAcf66ef61b2D3eb7C5bb1d35c8b7B
518,0x33C61a2a31003D4a45c7D050c3559bD618D4C15A
519,0x4A6Fd5f06a2770ec60F819c828b5e3C4487C2d60
520,0xf022E2C6900dDcf882689e58674b4841F9F49A04
521,0x3ea393E9B3D371922977459a0348e19D37f70658
522,0x4bA73a629b7d82889119E07b5c40948ea7a82B82
523,0x36a5A3d00a9D57a3B343E609E9BCB983D370E46f
524,0xb059844688a596086bEa85878adB789552d8Cb9A
525,0xAf583E4c8ab339605D0A5Bff7649F38ED41690a8
526,0xD424486b786481950141Debeb5eA934f962f3b6e
527,0x92e760750D93DAad87B75CDF87fDd38bFF56a123
528,0x29678935a288d6E87C8E8F985Aa9197b7A96c77a
529,0x9324e2c302c55D05947583Dd6C754D6f41a78272
530,0x5fBA77A5426cC76FBddbbCee32724729C55f5D72
531,0xe4735D2AcB9157a420801931D39916656cB31852
532,0xE5769b9f7447a5fBBa6608dB4173CB4C3C9d5E47
533,0x97C449C11D2b404A9BA733E9E0EC947C2577b868
534,0xAdDE6A500977Cd17f29f2A7a9382C14fd993cA4D
535,0x848569941C58aA3274C4153C1Dd4f867cD5C543f
536,0xbf6dC1f067998d26802dC64AAf59aC25554faE87
537,0xC9d87f695E812E7807f70CD8804f7DB0c260C744
538,0x0d15a568a73bE914287C15D14bB8fa6C79f9624E
539,0xBdE59604c6f941A530673bC87903ac22304f9892
540,0x6F32AA5A6198329c16e438512F992a0548C856f9
541,0x2D1c7F77F05436fBc40C9E1BfcBC915B7F9A5590
542,0xb9904AF890bCbeA9F5836c93f64ba83cd3Afc8cb
543,0x7d9e1603dCCc950D2Ff73f3eAF79f84dC4B91fb5
544,0x311faD2e6ED87294Cd7463E2F0b43177982f30c1
545,0x23F14322CeDad899dD25f6E134ba5920907B8499
546,0xE5F13369D71Df8caF8a5A54fD4Fc1dB5d6d76231
547,0x560FeD9f9c7F2704325f554b551b8389e48C0ed7
548,0xaC245fb9112B766Dbc0452b82C7dcde7E9271a30
549,0x01C2A085931b8a3D7F28426d037A441Bd288CD31
550,0xF4ca2B62114e69787eED96c3914b682fd73AF2cA
551,0x942eE296499fA92B6123529602A1A3F8dC9b868C
552,0x51BCC970b10Cf4FD2a7E837fa5A28A60608552E2
553,0x26Ac342900bdea473AB154d1A72e00e4268fcb24
554,0x720Cb33391e5A27fcC1aA15Ec3Ac919E102cbACd
555,0xB6a5B6eE06cACD18DB52b815692b49812910D24c
556,0x21e504e21BccEF448db1E23Af627f40cE2661137
557,0xeD223482C550959b46C59A336222DFD46b42D90c
558,0x36ddAb046f3A3b9eEc84737B0CDdC01A8198fd75
559,0xdC3829459f7563F3F989C9b6Ca1Cc4d84BA543ed
560,0x93Aaa6cEe515608F9AAEc2704B04752943c3De1F
561,0xe425093879c3df2a744Ca20114cf8F2d34091cDE
562,0xE1aBA557419fAB3F87497BD241E7835dd73F2f32
563,0xE3e7f1c77328Dcc7718D8584dD209C0919509cbA
564,0xce9Da36fd66c5a8A02Db1331A882e1691cA88489
565,0x3129F2251e516f3399E9389EEa06450C7DE7b3E1
566,0x3475569EC6A9F88C7A134CcefC839045a6775433
567,0x1A9F89c55339F69A212F9a62FF762c96fD74D029
568,0x7B1D91B079E64FE5B16B50C43c0889b219708c13
569,0x613B3EAf32FF62e3741AdaB3747518CE5d9372FA
570,0x60E988f194dEb57e7e2C76B6D233A309c7Fb68E7
571,0x4302Bf007050349e8cd2Ac800ba73B95C6D81696
572,0xCA47389E726461f26be472C5dedE2538Cf7E6474
573,0xdf619f0F9Ab51B6CD744BEE8Ac0A86bAfA62832E
574,0x07b391A826F768E64d0c1BD4dF5BeE9BFc7C23f2
575,0x3a37c297dCB086F1aEB32fc5219Ba9Fc2792A333
576,0x786Ad87c29e0C6E6B92eb7DeB1C97aFf33C428fa
577,0x68AC71a6378EBeC1c06d99e538B39217D8A0216E
578,0xC364e8804C93AA2e8a09c479CEE04F55bD1C31b6
579,0x9b88Ee3Ce52052085f3fc0Beea5009A2A13300e9
580,0x2c14A921DE9aC324ed3b1a1006fA93FeACb02218
581,0x5b880E257C3e0eF368175366d82cFcE87c970573
582,0x61910429F0C9c138514aaD84fB1f9fdaf9e11D55
583,0x65F5B299980C0Ee1470956943a8487785893DB31
584,0x4eD93D4377bf5225A4dB8f21bEe0c0916Cf67fD4
585,0x7731F6789B494717fc5Ebab958BF6BABd28BB852
586,0x2D29FeeF84ee0F771257FCF33FBF6b307F3286FE
587,0xfBeE60f46165f20bbB39603d4b216D32103b9ED7
588,0x4e6e7808396a375D9931fD53c1422ad4aFaB7E17
589,0xbf590aAe0237d34545B5a65ADA2F60196249d10b
590,0x1ef819e3538BB568B22e596f743C5bd7ac618E95
591,0x932b6882b462fA716e57EC4993990445D9980E81
592,0x6F5dA981982011F1aC2ec345b5C2681C16298f2E
593,0xA326a017767443Ea5Fb8021f2904be7609C34aDC
594,0xf3D476566BCC8E882A3910F1471428522449d89E
595,0x394dE4Be657Af8F84684C7479775F3c1220063A6
596,0x011f4fAb145210f8Bde8EC77CB360CeA0949E262
597,0xF4fDd8CB00aDbf2bb9C14A73CD5fa25AE2EaEDF0
598,0xc3C7CD9653BbFbf8B1589335E86Adb972012f8F3
599,0xF6F2639825c73AA45eCa12277805B55C79505862
600,0x5f2c772E8a247b026951Dfc622c80EC97E6C9c7f
601,0xFDfc16d218fFa58742682591b1254BDDe6Dadbe7
602,0xAF22bd4208B319e8720EBAd075AA77DBA3B5250f
603,0xc67b0Ad63A224403f4FbA6A4F4C5B285A64fD5b9
604,0x1734C0EAb64A09322146Ab2aBB72b21f44F89B5e
605,0x5006878025522B313AC33725a268F467f9cD3BE9
606,0x91d426f68B1c2d18417C4D4d18ade5d104B60C5B
607,0xF56dc695527587C24dfCD568Ba6483f26aC728C7
608,0xA649BC2E07dd69ca09a7EB4e075ceD50e431A9D0
609,0x0bC428EC387567C8e276B9a6bDEB11299Fb6AD4a
610,0x067f380163aB94E93421000E6260d0E12b04d78d
611,0xFEfDc371BC3B9ca5848AA00FfEa0b0A0DF5B731a
612,0x825Dd7750Cd173B1e534af4B1bac36ecBA0e8bc1
613,0x0f438872DB97cC3fAa90378f4AB021E9A20dfD2F
614,0x63eb3fd749FDD727a3433d4a96C86C66ED72a578
615,0x4bEc0c9b41343773C6a36e8f8136BF06019D00A5
616,0x2F33750aC70663045407C795B9a95414551EAfF8
617,0xc4fdE52b4430e5Cdf29Ce82d6Cf4e86f8A5a1C95
618,0x5DbAAA07b2328744e4408EE1a4cF54a94A067e2a
619,0x7C1B390a95A15e4ed8CbDE382428B0FAd6e99DCF
620,0xc7DF387b1335FBf1089942522b5B92d63AF6AA5b
621,0x50cAa1280200c83A8916e7EF3a5de3570d6A94eB
622,0x8Cc55149aBAF30236FF97a9f2A0EDa6438263E65
623,0x05E99c8d703dCDF713181e472171036dB1318B0c
624,0x1B5636Cd3a9F3B4cd68865958975E3a6A1d4BB49
625,0x43eEfc106FB3BF55f2B0B56530AE4Cf396D6050B
626,0x99F300f56CC5457573CD0F30211a10Ec4F1B9174
627,0x217131baEEa7B6016a54522884A61421A8ba667c
628,0xd648ACf4226cde2F11b232dBb369b4b2AcD70DFB
629,0x52F29ffB2A9c882481Fc9EafE23dcC33fE69aDBc
630,0x3e44d01Fc40D54725FF18BC56e726057683C10bA
631,0xBBC831FC17f4E6F81b9c59806eA429398CA55148
632,0xe72B3b9bb34605e2EfAee5eaa1dD3aE53Cdc5b2c
633,0x3D365c0E5ffA7493BF6DbFcAE7Dd4f21c93f720e
634,0xF8D84f7c8aE50387636fb18A5DA8b6B200FCD048
635,0x265ffE2C4A2D44299306FFaeDe0CB03EBf9015dB
636,0xa2Fe6EB8e2d6ED67dE1f1C61dcf0C0791580F03c
637,0xd61c718A4c70494279573f6bDfA4B9FBEb105c18
638,0xA1B92C621b527d9F9ed68E25b5A09d16017dfbFA
639,0x1d6A9eA7760fe867C11eD70CaB8E7a3d8f5D9cF3
640,0x32474092852f1DA9f95A96fAF0FF3D254dfb1F91
641,0xAd74A74aa23E7fc5fE8c7145b810f61a78CA6968
642,0x235594f2dd98d224fCF2b0DcbB02936aA9E1c38f
643,0xB3F157d2966340D283C7a4AB2135e8E8057f5D1E
644,0x349b925832a212F8A4BDe16C475d3A48155cFf67
645,0x8511c6478dC1729471461a569d654D367E2E7ff8
646,0xD51eFC27D7B4310C1975A65c4563f00084f41Ba3
647,0xC46761db4fA4519481f7e7b671E3176A7D63661b
648,0xd8aFD133C5a799658E89ed3F12315279Bf0Af1e5
649,0x702AE691523a468147a561240a3A6781D6d33527
650,0x6b0B2B333D9F43b07C8e8A16f3456250405C3029
651,0x321839b5606d43a36764b69e8665adbbbd0c74ad
652,0xb8e092936C779a41C9272737a57D2ec56c5b1e42
653,0xaF085b8025F9493e9385AC06E26F08751418b50A
654,0x5d07131AAf11FA371B29F54085d75A9F504FD6F1
655,0x80c36f0aDeBFC1038894Ac8629d96AdC260e8767
656,0x59dC1eaE22eEbD6CfbD144ee4b6f4048F8A59880
657,0x523F09D536FB10dCeDF566b5110A1F6642452153
658,0xAD94bd19cd23e3390C62fda595c175c4FFFDAA68
659,0x319C17d61968FC6fe9D2c63E46B6eF0e508A4A5C
660,0x9fdb61aCee90d3acA05271503639F85174F13085
661,0x33ce8E559C3e1cBc9b2908f24f9F6975f97aedD2
662,0xbd0c31D74B3282e17434D3061bE1E488bF8c1cE1
663,0x46a3e7A798C42874d7c991599B22022a86B65a67
664,0x196a37946C3D93e9A5309f539ae28b774a32411F
665,0xf8B648FCf79541b69C24f740565A2D0841E78697
666,0xcB30657BeE57274A13C5969b40d39bf3AAc7f8FB
667,0xa43bC5C51f46eCE05aCD61310858321ff277d7b0
668,0xA5B7922F058b4675DcE7ACfDC6d43E9b8eC68De6
669,0xfBA165bf2b5b3cf609763ba680ADb9A372A7dAe3
670,0xA3f08682B469E019969F4617d0DcCD5FE6BD7705
671,0xcc943e76bcf9ef71b5e4c011e120885738077e4b
672,0xD07f571eFBc6116Cae6A32A6aE0d1fAb729faa11
673,0xa8BffBb5649cC720ee5c08244c37F906614e43c4
674,0xfA718e707c3f26B793D622FefBE49A727c488E97
675,0x56FC54ECFdCE4617473D1DeB02BC321091Af6470
676,0xe6B40CAF3b9495FDa9fe8597aEf2d922ad1ab583
677,0x1B13fF9eC664143170B6DeA6ABF9529B3f9540ba
678,0x10a1BcE47a8E2B5843AB0811a4958AFBCC65c423
679,0xDbe63672031522f39d53DE1CA9FC871D860A139a
680,0x7580572633540aC0f7b3891f6eC2769e54E92283
681,0xc5B4270A15FF0449dCA9E879b54A467Ae8f0ba00
682,0xE5314C85B60CA350Fa4eAA32C0D5f5510E56103A
683,0x77969eb718fDC113C84096081D3B6CD754441cf9
684,0x3b98C391457Dd7D48Aee0233BBa130d634737441
685,0xbf3145eBe8264874bD2fcBf4B28E544C60333a56
686,0x26D5d9dEE9614f5437a7a49B429A22346DB5388b
687,0xfB257D6Ef1c6A71Ea5634D7d2Ad55f5b4d7Eb811
688,0x98Ef31949F4Cee639ac453495Ae454c45e3aBA46
689,0x12c33fD96fFcDeA28025117Ad1edA1fEc62FB6a9
690,0x1C2Ff17A01118635193786A141522067197E8564
691,0x24af7DBcF9f3f7f7C73abC053d5d178Ad6B6A751
692,0xDb724228b8DA0867Dcd09557A582F2864289E767
693,0x686b2C70c3e596F7bfEE60A7e5DD80Ef1f5A336c
694,0xC9e11eCd73EcCC7b7B6CCF59a51C549f4e407Ec6
695,0xfF08F103A63A653D518bD9f8A837b795c6f110c3
696,0xdf874459f8b9c6Bb3b02253D982291f6614324d7
697,0xE28f518c94191AAd5aF685F39b35D018d6E9ED0C
698,0x6b532f3C492613F59994596718E918d38A4a7f89
699,0xB40A32A4A088cE99F38dcC35B0FA1Cd032AC12ff
700,0x720F281668aa1942a447489B76f197D76bd3d18c
701,0x95ed2aF2555787a62FF54cF86C56178f8926C427
702,0x50FFE08cbf0a3219253600Ba4635C68E9927050E
703,0x799aE354031edBC7c2adA9bDCa01c217A859b0B6
704,0xB96805D272CC50Bab89882cAA126bEB52A31A66b
705,0x6b85c9A87BeC6ABBF7385B091202BaAcFE4F55e1
706,0x6b9dF76138E4B534Ef2d19947C8896B69b3c448C
707,0xbD152904153358252595C1548ac739367560A37f
708,0x5CaEB1Dc383FCC27c355fC85dF572DB78122c4dE
709,0x932c681F7ab978426BB4213d9515b96271C55C27
710,0x9C2934BA0055693Ea1356D802969E92e1403C8b3
711,0xDf9a1A2E81E00d1b087304DE9fCa537335E10460
712,0xb07986D5989BD38649be9b7BC9B642A5d6CB3439
713,0x71B0F3A66B12b47F2cbEE6cd6FF4FfBE71A1c5e6
714,0x695770392A209B6ABb5e8865b9315FB11C885F75
715,0xd6dC3772CC7A339fBF22A6EF8530adC37edd9032
716,0xDb8d452D681080aD74fc1D1Cfa666Ba5E033c15d
717,0x0539465Fe3ef3ebc4a52a78a8ACCE73220b014FA
718,0x8c042d5d17117FCE55e80214271354DD5258f3Fc
719,0x115544116de588F3bBcA65Cb181a932f05d3D59f
720,0x0B4EF4BA02cd3754C7272fCbe508393f2fe8e85C
721,0xcE9946095e6e465D873D50bA6d21B2122f1CA538
722,0xaba7eb69aC407CE204f7d3C13C86f5AAf508Ad12
723,0x8200964B61c82c4307407ad761234d1Ec3658a09
724,0xFcA815D4e122d56C89D37c6a41316F9ef7A8e1F1
725,0xfd0A8e5802467cA6B1880688De5AF3087C3200A0
726,0xc6e370F60e08Df0D2C97F69FeAa13aFb37c223d4
727,0xE473b19dbCfCb8677dB634f13E178fab1972eEDb
728,0x761b2967a093c7fd55f37EA34Bb3875057c51248
729,0x5b077a5204cc077E8d2961519100e053C85F3eF0
730,0x913Cf0f5d17C595A36C94dFEC86f16efaa50f5B1
731,0xf69139C36a93b445aFBDf7a26B5B086B2D5E4946
732,0xD128ed0a78Ce322f872bA6835810D7c6ba5d7095
733,0x32A2188d8eddF3624DBCC676168fe559e4a4510F
734,0x1Fd83c54F78fA35A4211d935677025E61C08F192
735,0xdBE1aFE94C4F6C149E69fB11Bbcf0cb2DCaE0B54
736,0x9bFF2E469603D82154BBD45bC96DEF63F3035F3e
737,0x3Fd62DDdce7E70e85e3fD6da59AF01bc581dcA28
738,0xC00cACd5C51cBb1901D8ED6aa9f9C02E36939467
739,0xFfCB8702311D94F6981EdA36fa267f9747Fbf290
740,0x2F26C1D10456b6256460517AE912B5785E395794
741,0x16B266541ab166aF31693E19BEa524DaBfA0bC60
742,0x176080c747Bf5414edDd437C714b04735Cf3489F
743,0x63B0B62d3A25BD7C4A06E7a482dbb3Fc0a9B0335
744,0x6eb339D78fA929713AEC7C3A9FDa94c0100d4C56
745,0x14A89BDE36C09ed874245504616afeB142B1E5e9
746,0x322802F35688d3b73668E3E53dac5A339615e9ee
747,0x20B0e1312De5a82cb4D7f0e6Be915d6353d360D2
748,0xFD5EcE9b2fBe697e8E8Dfe853091778eBDC7B007
749,0x26A689a011261d72Dc5b1343B5C46707B85649aA
750,0xEa4EbE914DCEeE734Ad3a672770F928ac5F6A637
751,0x2bdDb47d4298f59E48B9A018B1Bc2ce0534Bae6E
752,0xcAB429ea92Fe3E5817027F14D4Ef84aBeE94FC68
753,0x7ffFe7D007f9542D36AFa28552fAFCB0eAfD29B8
754,0x858Ed8Db226F8C81916A7b5aA7547c572F6D631B
755,0x28FAEF4c17dd9c3dA8864C2Ff37E00c0DF15e3d4
756,0xAf6E5263a9C920A9b06eCA1D6558c7EA3a74BEE8
757,0xe94Ca30cedcc247a569fEaA821e9691ED52e9423
758,0xe208c4C2448a14Cd0C3B78765C97116Aa6eb2eD2
759,0x3b42C2E643d4808728aCfE1b2f410810A0Bc5962
760,0xA4ae6B84c402c410272cE93A513588aDe81900C9
761,0xAEff965c8a1e8c1C0E5e772f404d89ec029A1c70
762,0x3a27589E2a79Bc66c6Ac4A6Df64CC4E6025ADEf4
763,0x407425cB78339F5cf3930e2Cb26153Dd7Fd1f739
764,0x5b7df8650a3a956B81377c08518977835EbC7Cdb
765,0x4C28B7a52Cf9B44b7f775a0660fB09C41694EE7b
766,0x9650cc6A6Cb8CDaCd9A9d4Fe6F34007Af2D10139
767,0x3639D6dd4a19B49C98269A784d317cd90CCeD156
768,0xFB9c22c601fbbf84d7DE34F2Dd114fCa1CCa292c
769,0x42f4FB4A30cbC8B38490991188E5F020Ec3f9FD6
770,0xdf2939706CF04497D7b5bcB4448A5F5aFc863534
771,0x7F8A94e621EFae7F5d79124A36B533eAC897c7CF
772,0x0f93147d9C919A11df9f756749497bfb1aEB2F4A
773,0x1351302b7Ab35Aa8BbC7d941633e11757a7B6BA3
774,0x763AFBB30e36dE7065dEe4b8F33f21ac1a93Fa07
775,0xdd04fb8d39391B4114d35BCb15B0c8bb2bd06601
776,0xE5506a436cB8C06B1D6d37797951C28604c2F5fD
777,0xdC4448464E8369523787D15992443f0A9BF94BC1
778,0x9C4Faa4a54c420a3e3B42b9BBC1BFB35A97d0eE2
779,0x2fCd9cDeE53FcFB159c621a077ce11A353329774
780,0x00246bc61fE72be6F3FBd1F425872eDf365a0DF6
781,0xeac283b53a7066cdb97642a2365A6Ed9936feDd0
782,0x36f0396f02fcf5DD649aaD4cA4FB1F272210ee1D
783,0x1743AD88687cB2b32E6584Db9a36CBfA95dbb88B
784,0x233DBD74A8c1cFDbE84D2De680f0aDB9d27767aD
785,0x266DF8DfDE717424518e9C30340B932DD35ca700
786,0x2Ee589eb5994804e0e1b961c57A14c65A766E3cA
787,0x9F06707300079c4D6DDAA2D25cf590DF70E85336
788,0x71AcC286CB3b864efeb12f5671Ce05F0f6CcB11b
789,0xa8000B16fb416BB79b88fEF21cc4a1514f45f86a
790,0xd3D5b98885f912e833B4e3f544eE4F76b074F5f3
791,0x86215d4e48323bb9b7a214e0603ab410A4b769de
792,0xE8cce10123a7F605B5dAD898a7162aa8a1710F64
793,0xF53c20708E9Dbc2fb6798Cd8A6F78DA4df4d6F78
794,0x417a9dC0908B30A9b366C8A8a220D6fa2BE66cF3
795,0xE8d07F1e486bf1feaaA9DBD70735A0d2ADf61268
796,0xcA714338fe4512F27e183266c03B4034a9728483
797,0xf8dc2B6de61470Bb291EA4664e5fe4d9F769f485
798,0xD71f591CE54Bb8b78a506a0c0F7EBE92e93b2BA7
799,0xf42B6B56ccEF5CCb46fF0D7dEfe27b0879f8a279
800,0x7063E44385cf3050E8B2CAF54A0cC1866882A8e7
801,0x06eFe59e822Cf4E2524D9c04b2328dFFA991397B
802,0x4f363C8200A7ed0C3e90ED2ff0e77238bBD60D23
803,0xb2c42F17eFA5197a785f7fb20C6D70Cf92C77dd7
804,0x038974Df164386682420Fc863C395855F44e18A7
805,0xeB41Acb7ccA431cf7622Fe242478E2caB38E061B
806,0x5F4D4388dB9d9aa89602c2092175e82470ffc53B
807,0xd17e01f38f53060A7c09e94Bccf87F7040aCFc7d
808,0x140Ff7C7B90203dBB2e4c5AAAE86d193ae00e164
809,0x99d7b275A9E8A1B0568198d5b58D817F78594539
810,0x3483A8fd4099939EBeB66D0845D67b6ff8eC6f1B
811,0xDbccfAcaD1d02C233826264c700c46Ff31a0851d
812,0x52BE8998608d7676C7CaBA686688b9dBcCd54317
813,0x3Efc29D59447c846Bb3bD5022E116Abc57be95De
814,0x1DD09887A2aAbB0180039E3412d1e612Ee31b546
815,0x16e099CA14A44D77DcADd2dB056Ab0F9b4106079
816,0x7495D8Ed7ceF528E3B6dc59E1ac53534162F3936
817,0xA9817bF695B990B57B078812CE6B8D2E740487c6
818,0xF8D9284d1FdA0E534108E94Cc3C7d31eE42E9b18
819,0xDce1c7D7a3182E7803faF85EBbC10e800F14e4B7
820,0x5d34338753B6B5E69C0FBf3534f0194917DbF07F
821,0xc5417754DaB0424E675c647565237b07A32720A6
822,0x3c640fFAa5FF37352d88FD9E391edf1222295155
823,0xCA21b44ecAFE2c79Fc6A825bA51D5E9fEf4A799E
824,0x63CFba2F5A6aCC069a1aa557F513339f6CcBBA28
825,0x963E8080fdf4935Aa9534857adEb89a4225b546b
826,0x839752B2CF109497E5829B287A32200476633190
827,0xA3340D478Ae51F2c4D03B059Aa3F676A788c4C50
828,0xB1566A62DcA4983e59EaDCD1B78cF1B5b1fa55C7
829,0x0B3566502D353FCEe776CEE70F5fd42845Bc01d4
830,0xda8379973Ea04cDCBbfB7BDc9DE3EeB9Fc9c2Bfc
831,0xF51aDaaeD3bc52762456A84f10f73E87682d383e
832,0xB0C0D81077D169c6578c2974427A330d67216BC2
833,0xAc2e186cC742F0082F204880b85E943B2637327B
834,0x20838b795221054648b130bd650c0Aa46D07452A
835,0x3BEC4C75a8981E4F771b6807039cB76732b405E5
836,0xfe84B1d775EFa42cC2E0DD1031DaCbD241A3F881
837,0x885633b80b148f61DB2aaBd8B36938C9B7d9d6fA
838,0xbFCD920a5E66Eb77B2A21477DF86eA821986E38D
839,0x4a726F9e0C7E980e973774Fa52a13E431E5bCb17
840,0xbD75c0743a1c9787C0eCC30459503Da7994C3C73
841,0xEC820Ad472BD690116DfcbcD768d28bbc2C32f11
842,0x3b312A1496322f0C3633241d85a59AE0889b8150
843,0xDB31D179d4A13035E517b273aA5276233652Afe8
844,0x22E898e8dc12999494Fcf4CafeA071216c8f8b36
845,0xf12cbA9c09CE4E010A2F5e55BfAf5D0df4fEfE6D
846,0xED1640150B43D59e8D148Bae9E4C9ec77828144d
847,0x5F7a9d511976f7008F6161CC75f2c924BDe1bB0f
848,0x7f47e86278D79aD6af2362F8b450bcEF80A3bfE4
849,0xDa366169D2eD81A58867ff0572f6e3773B03042B
850,0xBe36fBE08E41fAbc8133bd791151deF86Cb0C02c
851,0x7B9f0a54CaEF259b515fB52145d81C276216e861
852,0xFfEb29010f2993AC81383b653eBE8aA81272F99A
853,0x30ED85B732F6f8933fCE5b710B2a082E692D2288
854,0x78C992008e8518fC2A9F00F26253E42968e79CE8
855,0x9fbab9760dD589566c909a5f85D24812878605B5
856,0x0332adbcd247d8B5999531f24D278BC27E3663fb
857,0x7aC8C90b1B2ed0f666bD2DF52995B2De215B9D88
858,0xB21A54EffdAc3af44f558EaD72da3c4bb608B82F
859,0x45dCe10fB6bdD281DCD11724E1232604d52B2a9B
860,0xE56468117Ad9E400915810110a622991B005860B
861,0x19144Af9DfC722c1d0f6A1E21e31be1D1A0Cd0b1
862,0x0356234750bF0C141c3EcF9f2c476503c3B2aba3
863,0x54137aeB20563A46984faF955AcFB1Dfb5e1463B
864,0xD1D1A042eC07b62b42E16c198B891b34119f7F54
865,0x04a20993F7cdcB0709f7666CbFC2416E30F035dD
866,0xF31988A51f9F7d4c8a6ED20d3AD5EFd5174b8aae
867,0xfD2328c163436d1d437909c654c315623961d3BE
868,0x916A6d1e76173A7d3E86D82FE0eB1748B19180c4
869,0x1d74aBC593e6e2544C47E3c03b98623Dd7Ef959f
870,0x95bAAbdFc0bD889C37861098383c6FC92473cFb1
871,0x0d69a06C2EF0b96223C4c6ABB3aF3E08A6E2817C
872,0x71BA0F4778D7CEAeBdFe61379DA0B0F71Ec7FFe1
873,0xE8C40598eC24B32D5DFF8cf39D6215b4F99E4956
874,0x3a65081ad72a90ab69C185E14eE522b8475f1B04
875,0xa9d9A6065fB6B019Da6C2F17C2b4dfa17B1Fd904
876,0xe91cc3C1df232c2f87F171c21bB5b5067a5c56ef
877,0xb8a99D5be3F5f5ac9564e04B1D3661c40ca27572
878,0x741d9657d69871271a44b2CF423878F07C5dEFBc
879,0x939e7F4C9875C5F894711C5733cEb6d2E0a725Ca
880,0xb7710949C9306a9Dc88e205d3645e93F1AC38D23
881,0xf5fe2e9479e62067F0d995e1d31337a1B5B07Fe3
882,0xe7873C005202e6b3E76456D1EC67d691338c6E3E
883,0xc19231dB9823eAEC9280C4641f73d6fd5b63F21a
884,0x4498D99A18c50DABC020c9F10B6b3D3D9517961B
885,0x9882f2BF596FFf81aa1A470db753fbc8e35a4790
886,0x43fF52d7f93aD3762da794be38a851D9337E7a76
887,0x4319a5a0Ff64bC180F78F6e7Fd414660eCc116e4
888,0x9F2bb7c555822E0B35767fEE4904E50D8e7713b4
889,0xd6931633700eEbC03365aedbA6Fdcbe5d8CCa642
890,0x8Ba8F01b6baF78B0a895ed7ac669b27D18abc4c1
891,0x12b3fab45A567e811815653495Fc057dd6224Ef9
892,0x94FC2B6b38Fb934Bcb7198cA21e330847cE31320
893,0xC6A0F31251BC936950a8B6bc7141A5f0d0643c8E
894,0xEbC05CcaaB91E71c5Bcb2e04593EBC798b871A81
895,0xaB6359f50C61Da91332167FAAB6DbfbB6260b34c
896,0x517E19D5CB293cE14c49ff3176a39078285B7b48
897,0x882101AB4719a1cD609704229617815dAEb3a1de
898,0x891dA97dD64a84bE54B33d982B3508d6Ecd25BAa
899,0x887279DA98b1C7aFD10599b970e0B7694c84ccC0
900,0x09B76a344C782b9A461eFF2639C4DB8B6f873133
901,0xF2B58F8016529a8B545b8f4e7abED0520504bFC6
902,0x978d346573AA11746638F4Aa739d89D92494cbB4
903,0x55ED986d5c2CA25105Caf1f5A0c731c4F1a7A12F
904,0x2866E13a52fA977533c2522607EeE155590C4681
905,0x0AB077Ec5A53473d42228395d09063D896A23e39
906,0xeeb76Da08C8C6A63835f36c4B903D0Bb9c690660
907,0xC17be8914803f0a12B78BB5D4E217A01a2Ea6313
908,0x1c91968727D258A63F9AcaCb8888a45dc49454F1
909,0x42eaBe5E25Cc092eaE837961BE75BD5dfe182969
910,0xc38C30Cd0C6eC5983f545FF6300a3064d7027D3F
911,0xf6e1E26Dc407bAb2e2bB778ADf738eEEbc2CEB3b
912,0xa12C40C3dC93884c258EB9ED6c541D835Be1c6A7
913,0x5B1899D88b4Ff0Cf5A34651e7CE7164398211C66
914,0x1f3F179Cc8Fcc0D8Fe7C3a7630cE9E5B3e33d9C5
915,0xF56C3Cded669c85E6676a86926c6A9bC7B2EC97c
916,0xE87F7D66607baB70fc30812177EDdd85725a2925
917,0x7BDA0Cd1E189C13c5e0b3F304C8F328615aBC397
918,0x3f32609a23Cd9e8fa6fd7884572c85a72ceBbE89
919,0x76eb4020e0fc055971c438c48543fa07eac0533b
920,0x89363dEA7D450D76499203c31D1a6c3c356F0887
921,0x63A105fb959ad665a6F48300a19e9e023157C3Cb
922,0xd00EC660d4f7300E8a54B31E6C54D58902c8db6d
923,0xEb785e47d388726Fe502FdAD0B2642E6EA637409
924,0x1611599366395030872E59E9eBdFA0890b4D90C6
925,0x68036792a7dD20AAF137950bFe73096A3d05f9b9
926,0xeFd7d75d7f20F05F2E974B56013C3f8108D646c4
927,0xcA93b99e99f6feD5d591dF95bC724a09Abec32c5
928,0xD658772a68dac99144681A797797E1645D2493Be
929,0x447E0AF866F041cBFc96c966952CD6Bf61ECee83
930,0xa15224CB29339F6A201375E4f18Abc049a641954
931,0x804d4f6995bA63857c2F97f8D1A20D90Aa6a97b5
932,0x796623e3205E2ca73A55268aba25d77B5110E5eD
933,0xa807902FbcB8B9692333fD6A5Be5645f053D3eD8
934,0x3Af6Dc3bD13Ffe5355857604421aD2b4EE00c48D
935,0xD127c0A4ee30f8df969bc766eC46448C01788111
936,0xA24145b197A203256cb1F597DDF48967c6af2603
937,0x44c0909048dbd5504a5395cbAF286fee51A30162
938,0x0AB0C6F400FE00e3238715399ab05Fa593ADCDbE
939,0x97e573BB36e6E97619b5607D2b334836A84c4492
940,0x8033bb7099c7cce0439e430e0dcce9cd22fc4190
941,0x080CF7C73a6be337A2a2758a7095FF435e3dF70D
942,0x9e3154Cb7aEE37A3aDD33790564F22D93537d756
943,0x676F94C4C6Cc9bf3CFa4213C9B5134B5450cCf93
944,0x0b4CF11659B05301945bB062C861e4A9f139660b
945,0xaA23fAFC946D70Cfbf0D0B2927A76a3C21D317E8
946,0x886F2156CBdc56aCA5a7af1Ca44bDa853C239030
947,0x94C79E51dE8b6A1f8Ff6aBb353d93ED7aF0A912D
948,0x13e7021394ee6709DA695A4Ae5E1c0b1DBA2072E
949,0x699E6Cd0336104A7644B4DE4Eb049E25F072a49c
950,0x4b7DCcD13CbcB58Bd851eec9721E6fE33D26471D
951,0xA5d30Ff085727922e6cF4391AC54dad033968888
952,0x843b5F0d1f11Ae99988899c7d586e2AeAFf1b492
953,0xF8399bbA52Bb76683a8236Bb7C52119eF5E14328
954,0xCe128c998D9bC667F0C8e87a38A96e853A5dBD90
955,0xE9f89D3ddeD8c92eF9402E1A2608590d1c041239
956,0xCC4125077759Ea1C20ce8DAa6bC6cB503141423E
957,0x0759053bA74146655D9dAF850B4F648f31A5d16d
958,0x9A3a2B137f3016D3e348209758044486395dE032
959,0x36477eF991530C1d5D5722D8cC6d896116Dc603a
960,0x76F5905EcD6Af89cEabfc38050ad2B0fe2f370CA
961,0xC039492610f7984178906F1175E875eAb393557f
962,0x1f7F36b7469748Eda342E3795a8102DDa585E4b8
963,0x48221a0A0F9E754Bc2D127A14e0cfdE3A33f6250
964,0xAeF7A9E8053b8975E05147dee76CfCcA9187955D
965,0x56b168C92D6Cf3E8f9fB5F4f874cedD3Cb349774
966,0x8d404eAA95e632075A37D7906e3B861527586231
967,0x3079F63Df53bb3443636A92eB1768efe37E21221
968,0x6E7ce62F0346B68893D9eCeDA49f48E804f7628E
969,0x82Fc883042Bc2C9E90159259Cc59fef8b3e8e361
970,0xF4872f397019c81F9F97e143348BCB0259a612FF
971,0xF47f913a904C3F270E0dE662212033D88aff4D65
972,0x844d981Cbd8C907cb4E17Fb8CCE4d161E0f0FAC5
973,0xcBCDe77b30AdB803B9F962E327dA7F1fD4433e84
974,0x135c07ecAf13704398FbE951355889D93047d944
975,0x9fb4407fA50fd04c653d6564C09498C054E2888c
976,0xdBF4198F3fbD1AF5fD4adC67053dcF9111b8CA5C
977,0xb82Df4C14a42AC0248E886B0e136f4FF3bBC9494
978,0x6586A894027BbA22425cE5B9Ca933D1DDC4b3acB
979,0x1Ad1326Ae5caD3c912D7899649286AFBcf908925
980,0x23F16C7F745EE33F1Eff6083154E1f02557B67bF
981,0xE62c0b336Fe74Ea04FD21143a7e030a2972bdf1c
982,0x7B10E411c740e0899bA13a45F5a147D311c891D5
983,0x2D700d6FF65dB75606993e91cCc4764Ad04218f5
984,0xADE4FBED97eF37F3BfbaF36B575a1B114DA92155
985,0xBf1172Ee5035509B754b21f9EAbB078f24907e5E
986,0xb67E25cAb913df961B686d82D7559F21EC92FF17
987,0x20A5ac3eC7334e45e913FF9376e723e4B10451B6
988,0xfA8D711b9c970bf878e34240c54c57eBB4f49166
989,0x2efE8900e4C8a744513bB1c2D5b95299Fb1971ee
990,0x5D35A32897726B053eaDd1C76247Ce7e5AA78c4D
991,0x8C2E0D1e0b2271cB4D0FE0148C9D3CdE8F3ADcEe
992,0x0641C56b5d0176dE187Dc17e3394E7058240F2b1
993,0xf853274d7e73978E1F3F891390F72710bccE1958
994,0x0AcFC1f3bcAC7449E7431D32F4596BA8be932ef6
995,0x69dEdf0a1391eFC021545c04375053D1E2aD3085
996,0xae7c3215fD04965B617D10f1774B49521053f50d
997,0x8BFFe2EE168E1d670Db4fa813211B0638CdC2eB5
998,0xBa27672Ac0D35DC4aC1bf1f52E4Fd5aF294d04c9
999,0x7e6B1200e996DA4Beb3E5c631fEA8927BEf4a5C7
1000,0x0Aa480f341409fE7c9eb191D3C4bdED0397A140F
,
,
,
,
,
,
,
,
,
,
,
,
,
,
,
,
,
,
,
,
,
,
,
,
,
,
,
,
,
,
,
,
,
,
,
,
,
,
,
,
,
,
,
,
,
,
,
,
,
,
,
,
,
,
,
,
,
,
,
,
,
,
,
,
,
,
,
,
,
,
,
,
,
,
,
,
,
,
,
,
,
,
,
,
,
,
,
,
,
,
,
,
,
,
,
,
,
,
,
,
,
,
,
,
,
,
,
,
,
,
,
,
,
,
,
,
,
,
,
,
,
,
,
,
,
,
,
,
,
,
,
,
,
,
,
,
,
,
,
,
,
,
,
,
,
,
,
,
,
,
,
,
,
,
,
,
,
,
,
,
,
,
,
,
,
,
,
,
,
,
,
,
,
,
,
,
,
,
,
,
,
,
,
,
,
,
,
,
,
,
,
,
,
,
,
,
,
,
,
,
,
,
,
,
,
,
,
,
,
,
,
,
,
,
,
,
,
,
,
,
,
,
,
,
,
,
,
,
,
,
,
,
,
,
,
,
,
,
,
,
,
,
,
,
,
,
,
,
,
,
,
,
,
,
,
,
,
,
,
,
,
,
,
,
,
,
,
,
,
,
,
,
,
,
,
,
,
,
,
,
,
,
,
,
,
,
,
,
,
,
,
,
,
,
,
,
,
,
,
,
,
,
,
,
,
,
,
,
,
,
,
,
,
,
,
,
,
,
,
,
,
,
,
,
,
,
,
,
,
,
,
,
,
,
,
,
,
,
,
,
,
,
,
,
,
,
,
,
,
,
,
,
,
,
,
,
,
,
,
,
,
,
,
,
,
,
,
,
,
,
,
,
,
,
,
,
,
,
,
,
,
,
,
,
,
,
,
,
,
,
,
,
,
,
,
,
,
,
,
,
,
,
,
,
,
,
,
,
,
,
,
,
,
,
,
,
,
,
,
,
,
,
,
,
,
,
,
,
,
,
,
,
,
,
,
,
,
,
,
,
,
,
,
,
,
,
,
,
,
,
,
,
,
,
,
,
,
,
,
,
,
,
,
,
,
,
,
,
,
,
,
,
,
,
,
,
,
,
,
,
,
,
,
,
,
,
,
,
,
,
,
,
,
,
,
,
,
,
,
,
,
,
,
,
,
,
,
,
,
,
,
,
,
,
,
,
,
,
,
,
,
,
,
,
,
,
,
,
,
,
,
,
,
,
,
,
,
,
,
,
,
,
,
,
,
,
,
,
,
,
,
,
,
,
,
,
,
,
,
,
,
,
,
,
,
,
,
,
,
,
,
,
,
,
,
,
,
,
,
,
,
,
,
,
,
,
,
,
,
,
,
,
,
,
,
,
,
,
,
,
,
,
,
,
,
,
,
,
,
,
,
,
,
,
,
,
,
,
,
,
,
,
,
,
,
,
,
,
,
,
,
,
,
,
,
,
,
,
,
,
,
,
,
,
,
,
,
,
,
,
,
,
,
,
,
,
,
,
,
,
,
,
,
,
,
,
,
,
,
,
,
,
,
,
,
,
,
,
,
,
,
,
,
,
,
,
,
,
,
,
,
,
,
,
,
,
,
,
,
,
,
,
,
,
,
,
,
,
,
,
,
,
,
,
,
,
,
,
,
,
,
,
,
,
,
,
,
,
,
,
,
,
,
,
,
,
,
,
,
,
,
,
,
,
,
,
,
,
,
,
,
,
,
,
,
,
,
,
,
,
,
,
,
,
,
,
,
,
,
,
,
,
,
,
,
,
,
,
,
,
,
,
,
,
,
,
,
,
,
,
,
,
,
,
,
,
,
,
,
,
,
,
,
,
,
,
,
,
,
,
,
,
,
,
,
,
,
,
,
,
,
,
,
,
,
,
,
,
,
,
,
,
,
,
,
,
,
,
,
,
,
,
,
,
,
,
,
,
,
,
,
,
,
,
,
,
,
,
,
,
,
,
,
,
,
,
,
,
,
,
,
,
,
,
,
,
,
,
,
,
,
,
,
,
,
,
,
,
,
,
,
,
,
,
,
,
,
,
,
,
,
,
,
,
,
,
,
,
,
,
,
,
,
,
,
,
,
,
,
,
,
,
,
,
,
,
,
,
,
,
,
,
,
,
,
,
,
,
,
,
,
,
,
,
,
,
,
,
,
,
,
,
,
,
,
,
,
,
,
,
,
,
,
,
,
,
,
,
,
,
,
,
,
,
,
,
,
,
,
,
,
,
,
,
,
,
,
,
,
,
,
,
,
,
,
,
,
,
,
,
,
,
,
,
,
,
,
,
,
,
,
,
,
,
,
,
,
,
,
,
,
,
,
,
,
,
,
,
,
,
,
,
,
,
,
,
,
,
,
,
,
,
,
,
,
,
,
,
,
,
,
,
,
,
,
,
,
,
,
,
,
,
,
,
,
,
,
,
,
,
,
,
,
,
,
,
,
,
,
,
,
,
,
,
,
,
,
,
,
,
,
,
,
,
,
,
,
,
,
,
,
,
,
,
,
,
,
,
,
,
,
,
,
,
,
,
,
,
,
,
,
,
,
,
,
,
,
,
,
,
,
,
,
,
,
,
,
,
,
,
,
,
,
,
,
,
,
,
,
,
,
,
,
,
,
,
,
,
,
,
,
,
,
,
,
,
,
,
,
,
,
,
,
,
,
,
,
,
,
,
,
,
,
,
,
,
,
,
,
,
,
,
,
,
,
,
,
,
,
,
,
,
,
,
,
,
,
,
,
,
,
,
,
,
,
,
,
,
,
,
,
,
,
,
,
,
,
,
,
,
,
,
,
,
,
,
,
,
,
,
,
,
,
,
,
,
,
,
,
,
,
,
,
,
,
,
,
,
,
,
,
,
,
,
,
,
,
,
,
,
,
,
,
,
,
,
,
,
,
,
,
,
,
,
,
,
,
,
,
,
,
,
,
,
,
,
,
,
,
,
,
,
,
,
,
,
,
,
,
,
,
,
,
,
,
,
,
,
,
,
,
,
,
,
,
,
,
,
,
,
,
,
,
,
,
,
,
,
,
,
,
,
,
,
,
,
,
,
,
,
,
,
,
,
,
,
,
,
,
,
,
,
,
,
,
,
,
,
,
,
,
,
,
,
,
,
,
,
,
,
,
,
,
,
,
,
,
,
,
,
,
,
,
,
,
,
,
,
,
,
,
,
,
,
,
,
,
,
,
,
,
,
,
,
,
,
,
,
,
,
,
,
,
,
,
,
,
,
,
,
,
,
,
,
,
,
,
,
,
,
,
,
,
,
,
,
,
,
,
,
,
,
,
,
,
,
,
,
,
,
,
,
,
,
,
,
,
,
,
,
,
,
,
,
,
,
,
,
,
,
,
,
,
,
,
,
,
,
,
,
,
,
,
,
,
,
,
,
,
,
,
,
,
,
,
,
,
,
,
,
,
,
,
,
,
,
,
,
,
,
,
,
,
,
,
,
,
,
,
,
,
,
,
,
,
,
,
,
,
,
,
,
,
,
,
,
,
,
,
,
,
,
,
,
,
,
,
,
,
,
,
,
,
,
,
,
,
,
,
,
,
,
,
,
,
,
,
,
,
,
,
,
,
,
,
,
,
,
,
,
,
,
,
,
,
,
,
,
,
,
,
,
,
,
,
,
,
,
,
,
,
,
,
,
,
,
,
,
,
,
,
,
,
,
,
,
,
,
,
,
,
,
,
,
,
,
,
,
,
,
,
,
,
,
,
,
,
,
,
,
,
,
,
,
,
,
,
,
,
,
,
,
,
,
,
,
,
,
,
,
,
,
,
,
,
,
,
,
,
,
,
,
,
,
,
,
,
,
,
,
,
,
,
,
,
,
,
,
,
,
,
,
,
,
,
,
,
,
,
,
,
,
,
,
,
,
,
,
,
,
,
,
,
,
,
,
,
,
,
,
,
,
,
,
,
,
,
,
,
,
,
,
,
,
,
,
,
,
,
,
,
,
,
,
,
,
,
,
,
,
,
,
,
,
,
,
,
,
,
,
,
,
,
,
,
,
,
,
,
,
,
,
,
,
,
,
,
,
,
,
,
,
,
,
,
,
,
,
,
,
,
,
,
,
,
,
,
,
,
,
,
,
,
,
,
,
,
,
,
,
,
,
,
,
,
,
,
,
,
,
,
,
,
,
,
,
,
,
,
,
,
,
,
,
,
,
,
,
,
,
,
,
,
,
,
,
,
,
,
,
,
,
,
,
,
,
,
,
,
,
,
,
,
,
,
,
,
,
,
,
,
,
,
,
,
,
,
,
,
,
,
,
,
,
,
,
,
,
,
,
,
,
,
,
,
,
,
,
,
,
,
,
,
,
,
,
,
,
,
,
,
,
,
,
,
,
,
,
,
,
,
,
,
,
,
,
,
,
,
,
,
,
,
,
,
,
,
,
,
,
,
,
,
,
,
,
,
,
,
,
,
,
,
,
,
,
,
,
,
,
,
,
,
,
,
,
,
,
,
,
,
,
,
,
,
,
,
,
,
,
,
,
,
,
,
,
,
,
,
,
,
,
,
,
,
,
,
,
,
,
,
,
,
,
,
,
,
,
,
,
,
,
,
,
,
,
,
,
,
,
,
,
,
,
,
,
,
,
,
,
,
,
,
,
,
,
,
,
,
,
,
,
,
,
,
,
,
,
,
,
,
,
,
,
,
,
,
,
,
,
,
,
,
,
,
,
,
,
,
,
,
,
,
,
,
,
,
,
,
,
,
,
,
,
,
,
,
,
,
,
,
,
,
,
,
,
,
,
,
,
,
,
,
,
,
,
,
,
,
,
,
,
,
,
,
,
,
,
,
,
,
,
,
,
,
,
,
,
,
,
,
,
,
,
,
,
,
,
,
,
,
,
,
,
,
,
,
,
,
,
,
,
,
,
,
,
,
,
,
,
,
,
,
,
,
,
,
,
,
,
,
,
,
,
,
,
,
,
,
,
,
,
,
,
,
,
,
,
,
,
,
,
,
,
,
,
,
,
,
,
,
,
,
,
,
,
,
,
,
,
,
,
,
,
,
,
,
,
,
,
,
,
,
,
,
,
,
,
,
,
,
,
,
,
,
,
,
,
,
,
,
,
,
,
,
,
,
,
,
,
,
,
,
,
,
,
,
,
,
,
,
,
,
,
,
,
,
,
,
,
,
,
,
,
,
,
,
,
,
,
,
,
,
,
,
,
,
,
,
,
,
,
,
,
,
,
,
,
,
,
,
,
,
,
,
,
,
,
,
,
,
,
,
,
,
,
,
,
,
,
,
,
,
,
,
,
,
,
,
,
,
,
,
,
,
,
,
,
,
,
,
,
,
,
,
,
,
,
,
,
,
,
,
,
,
,
,
,
,
,
,
,
,
,
,
,
,
,
,
,
,
,
,
,
,
,
,
,
,
,
,
,
,
,
,
,
,
,
,
,
,
,
,
,
,
,
,
,
,
,
,
,
,
,
,
,
,
,
,
,
,
,
,
,
,
,
,
,
,
,
,
,
,
,
,
,
,
,
,
,
,
,
,
,
,
,
,
,
,
,
,
,
,
,
,
,
,
,
,
,
,
,
,
,
,
,
,
,
,
,
,
,
,
,
,
,
,
,
,
,
,
,
,
,
,
,
,
,
,
,
,
,
,
,
,
,
,
,
,
,
,
,
,
,
,
,
,
,
,
,
,
,
,
,
,
,
,
,
,
,
,
,
,
,
,
,
,
,
,
,
,
,
,
,
,
,
,
,
,
,
,
,
,
,
,
,
,
,
,
,
,
,
,
,
,
,
,
,
,
,
,
,
,
,
,
,
,
,
,
,
,
,
,
,
,
,
,
,
,
,
,
,
,
,
,
,
,
,
,
,
,
,
,
,
,
,
,
,
,
,
,
,
,
,
,
,
,
,
,
,
,
,
,
,
,
,
,
,
,
,
,
,
,
,
,
,
,
,
,
,
,
,
,
,
,
,
,
,
,
,
,
,
,
,
,
,
,
,
,
,
,
,
,
,
,
,
,
,
,
,
,
,
,
,
,
,
,
,
,
,
,
,
,
,
,
,
,
,
,
,
,
,
,
,
,
,
,
,
,
,
,
,
,
,
,
,
,
,
,
,
,
,
,
,
,
,
,
,
,
,
,
,
,
,
,
,
,
,
,
,
,
,
,
,
,
,
,
,
,
,
,
,
,
,
,
,
,
,
,
,
,
,
,
,
,
,
,
,
,
,
,
,
,
,
,
,
,
,
,
,
,
,
,
,
,
,
,
,
,
,
,
,
,
,
,
,
,
,
,
,
,
,
,
,
,
,
,
,
,
,
,
,
,
,
,
,
,
,
,
,
,
,
,
,
,
,
,
,
,
,
,
,
,
,
,
,
,
,
,
,
,
,
,
,
,
,
,
,
,
,
,
,
,
,
,
,
,
,
,
,
,
,
,
,
,
,
,
,
,
,
,
,
,
,
,
,
,
,
,
,
,
,
,
,
,
,
,
,
,
,
,
,
,
,
,
,
,
,
,
,
,
,
,
,
,
,
,
,
,
,
,
,
,
,
,
,
,
,
,
,
,
,
,
,
,
,
,
,
,
,
,
,
,
,
,
,
,
,
,
,
,
,
,
,
,
,
,
,
,
,
,
,
,
,
,
,
,
,
,
,
,
,
,
,
,
,
,
,
,
,
,
,
,
,
,
,
,
,
,
,
,
,
,
,
,
,
,
,
,
,
,
,
,
,
,
,
,
,
,
,
,
,
,
,
,
,
,
,
,
,
,
,
,
,
,
,
,
,
,
,
,
,
,
,
,
,
,
,
,
,
,
,
,
,
,
,
,
,
,
,
,
,
,
,
,
,
,
,
,
,
,
,
,
,
,
,
,
,
,
,
,
,
,
,
,
,
,
,
,
,
,
,
,
,
,
,
,
,
,
,
,
,
,
,
,
,
,
,
,
,
,
,
,
,
,
,
,
,
,
,
,
,
,
,
,
,
,
,
,
,
,
,
,
,
,
,
,
,
,
,
,
,
,
,
,
,
,
,
,
,
,
,
,
,
,
,
,
,
,
,
,
,
,
,
,
,
,
,
,
,
,
,
,
,
,
,
,
,
,
,
,
,
,
,
,
,
,
,
,
,
,
,
,
,
,
,
,
,
,
,
,
,
,
,
,
,
,
,
,
,
,
,
,
,
,
,
,
,
,
,
,
,
,
,
,
,
,
,
,
,
,
,
,
,
,
,
,
,
,
,
,
,
,
,
,
,
,
,
,
,
,
,
,
,
,
,
,
,
,
,
,
,
,
,
,
,
,
,
,
,
,
,
,
,
,
,
,
,
,
,
,
,
,
,
,
,
,
,
,
,
,
,
,
,
,
,
,
,
,
,
,
,
,
,
,
,
,
,
,
,
,
,
,
,
,
,
,
,
,
,
,
,
,
,
,
,
,
,
,
,
,
,
,
,
,
,
,
,
,
,
,
,
,
,
,
,
,
,
,
,
,
,
,
,
,
,
,
,
,
,
,
,
,
,
,
,
,
,
,
,
,
,
,
,
,
,
,
,
,
,
,
,
,
,
,
,
,
,
,
,
,
,
,
,
,
,
,
,
,
,
,
,
,
,
,
,
,
,
,
,
,
,
,
,
,
,
,
,
,
,
,
,
,
,
,
,
,
,
,
,
,
,
,
,
,
,
,
,
,
,
,
,
,
,
,
,
,
,
,
,
,
,
,
,
,
,
,
,
,
,
,
,
,
,
,
,
,
,
,
,
,
,
,
,
,
,
,
,
,
,
,
,
,
,
,
,
,
,
,
,
,
,
,
,
,
,
,
,
,
,
,
,
,
,
,
,
,
,
,
,
,
,
,
,
,
,
,
,
,
,
,
,
,
,
,
,
,
,
,
,
,
,
,
,
,
,
,
,
,
,
,
,
,
,
,
,
,
,
,
,
,
,
,
,
,
,
,
,
,
,
,
,
,
,
,
,
,
,
,
,
,
,
,
,
,
,
,
,
,
,
,
,
,
,
,
,
,
,
,
,
,
,
,
,
,
,
,
,
,
,
,
,
,
,
,
,
,
,
,
,
,
,
,
,
,
,
,
,
,
,
,
,
,
,
,
,
,
,
,
,
,
,
,
,
,
,
,
,
,
,
,
,
,
,
,
,
,
,
,
,
,
,
,
,
,
,
,
,
,
,
,
,
,
,
,
,
,
,
,
,
,
,
,
,
,
,
,
,
,
,
,
,
,
,
,
,
,
,
,
,
,
,
,
,
,
,
,
,
,
,
,
,
,
,
,
,
,
,
,
,
,
,
,
,
,
,
,
,
,
,
,
,
,
,
,
,
,
,
,
,
,
,
,
,
,
,
,
,
,
,
,
,
,
,
,
,
,
,
,
,
,
,
,
,
,
,
,
,
,
,
,
,
,
,
,
,
,
,
,
,
,
,
,
,
,
,
,
,
,
,
,
,
,
,
,
,
,
,
,
,
,
,
,
,
,
,
,
,
,
,
,
,
,
,
,
,
,
,
,
,
,
,
,
,
,
,
,
,
,
,
,
,
,
,
,
,
,
,
,
,
,
,
,
,
,
,
,
,
,
,
,
,
,
,
,
,
,
,
,
,
,
,
,
,
,
,
,
,
,
,
,
,
,
,
,
,
,
,
,
,
,
,
,
,
,
,
,
,
,
,
,
,
,
,
,
,
,
,
,
,
,
,
,
,
,
,
,
,
,
,
,
,
,
,
,
,
,
,
,
,
,
,
,
,
,
,
,
,
,
,
,
,
,
,
,
,
,
,
,
,
,
,
,
,
,
,
,
,
,
,
,
,
,
,
,
,
,
,
,
,
,
,
,
,
,
,
,
,
,
,
,
,
,
,
,
,
,
,
,
,
,
,
,
,
,
,
,
,
,
,
,
,
,
,
,
,
,
,
,
,
,
,
,
,
,
,
,
,
,
,
,
,
,
,
,
,
,
,
,
,
,
,
,
,
,
,
,
,
,
,
,
,
,
,
,
,
,
,
,
,
,
,
,
,
,
,
,
,
,
,
,
,
,
,
,
,
,
,
,
,
,
,
,
,
,
,
,
,
,
,
,
,
,
,
,
,
,
,
,
,
,
,
,
,
,
,
,
,
,
,
,
,
,
,
,
,
,
,
,
,
,
,
,
,
,
,
,
,
,
,
,
,
,
,
,
,
,
,
,
,
,
,
,
,
,
,
,
,
,
,
,
,
,
,
,
,
,
,
,
,
,
,
,
,
,
,
,
,
,
,
,
,
,
,
,
,
,
,
,
,
,
,
,
,
,
,
,
,
,
,
,
,
,
,
,
,
,
,
,
,
,
,
,
,
,
,
,
,
,
,
,
,
,
,
,
,
,
,
,
,
,
,
,
,
,
,
,
,
,
,
,
,
,
,
,
,
,
,
,
,
,
,
,
,
,
,
,
,
,
,
,
,
,
,
,
,
,
,
,
,
,
,
,
,
,
,
,
,
,
,
,
,
,
,
,
,
,
,
,
,
,
,
,
,
,
,
,
,
,
,
,
,
,
,
,
,
,
,
,
,
,
,
,
,
,
,
,
,
,
,
,
,
,
,
,
,
,
,
,
,
,
,
,
,
,
,
,
,
,
,
,
,
,
,
,
,
,
,
,
,
,
,
,
,
,
,
,
,
,
,
,
,
,
,
,
,
,
,
,
,
,
,
,
,
,
,
,
,
,
,
,
,
,
,
,
,
,
,
,
,
,
,
,
,
,
,
,
,
,
,
,
,
,
,
,
,
,
,
,
,
,
,
,
,
,
,
,
,
,
,
,
,
,
,
,
,
,
,
,
,
,
,
,
,
,
,
,
,
,
,
,
,
,
,
,
,
,
,
,
,
,
,
,
,
,
,
,
,
,
,
,
,
,
,
,
,
,
,
,
,
,
,
,
,
,
,
,
,
,
,
,
,
,
,
,
,
,
,
,
,
,
,
,
,
,
,
,
,
,
,
,
,
,
,
,
,
,
,
,
,
,
,
,
,
,
,
,
,
,
,
,
,
,
,
,
,
,
,
,
,
,
,
,
,
,
,
,
,
,
,
,
,
,
,
,
,
,
,
,
,
,
,
,
,
,
,
,
,
,
,
,
,
,
,
,
,
,
,
,
,
,
,
,
,
,
,
,
,
,
,
,
,
,
,
,
,
,
,
,
,
,
,
,
,
,
,
,
,
,
,
,
,
,
,
,
,
,
,
,
,
,
,
,
,
,
,
,
,
,
,
,
,
,
,
,
,
,
,
,
,
,
,
,
,
,
,
,
,
,
,
,
,
,
,
,
,
,
,
,
,
,
,
,
,
,
,
,
,
,
,
,
,
,
,
,
,
,
,
,
,
,
,
,
,
,
,
,
,
,
,
,
,
,
,
,
,
,
,
,
,
,
,
,
,
,
,
,
,
,
,
,
,
,
,
,
,
,
,
,
,
,
,
,
,
,
,
,
,
,
,
,
,
,
,
,
,
,
,
,
,
,
,
,
,
,
,
,
,
,
,
,
,
,
,
,
,
,
,
,
,
,
,
,
,
,
,
,
,
,
,
,
,
,
,
,
,
,
,
,
,
,
,
,
,
,
,
,
,
,
,
,
,
,
,
,
,
,
,
,
,
,
,
,
,
,
,
,
,
,
,
,
,
,
,
,
,
,
,
,
,
,
,
,
,
,
,
,
,
,
,
,
,
,
,
,
,
,
,
,
,
,
,
,
,
,
,
,
,
,
,
,
,
,
,
,
,
,
,
,
,
,
,
,
,
,
,
,
,
,
,
,
,
,
,
,
,
,
,
,
,
,
,
,
,
,
,
,
,
,
,
,
,
,
,
,
,
,
,
,
,
,
,
,
,
,
,
,
,
,
,
,
,
,
,
,
,
,
,
,
,
,
,
,
,
,
,
,
,
,
,
,
,
,
,
,
,
,
,
,
,
,
,
,
,
,
,
,
,
,
,
,
,
,
,
,
,
,
,
,
,
,
,
,
,
,
,
,
,
,
,
,
,
,
,
,
,
,
,
,
,
,
,
,
,
,
,
,
,
,
,
,
,
,
,
,
,
,
,
,
,
,
,
,
,
,
,
,
,
,
,
,
,
,
,
,
,
,
,
,
,
,
,
,
,
,
,
,
,
,
,
,
,
,
,
,
,
,
,
,
,
,
,
,
,
,
,
,
,
,
,
,
,
,
,
,
,
,
,
,
,
,
,
,
,
,
,
,
,
,
,
,
,
,
,
,
,
,
,
,
,
,
,
,
,
,
,
,
,
,
,
,
,
,
,
,
,
,
,
,
,
,
,
,
,
,
,
,
,
,
,
,
,
,
,
,
,
,
,
,
,
,
,
,
,
,
,
,
,
,
,
,
,
,
,
,
,
,
,
,
,
,
,
,
,
,
,
,
,
,
,
,
,
,
,
,
,
,
,
,
,
,
,
,
,
,
,
,
,
,
,
,
,
,
,
,
,
,
,
,
,
,
,
,
,
,
,
,
,
,
,
,
,
,
,
,
,
,
,
,
,
,
,
,
,
,
,
,
,
,
,
,
,
,
,
,
,
,
,
,
,
,
,
,
,
,
,
,
,
,
,
,
,
,
,
,
,
,
,
,
,
,
,
,
,
,
,
,
,
,
,
,
,
,
,
,
,
,
,
,
,
,
,
,
,
,
,
,
,
,
,
,
,
,
,
,
,
,
,
,
,
,
,
,
,
,
,
,
,
,
,
,
,
,
,
,
,
,
,
,
,
,
,
,
,
,
,
,
,
,
,
,
,
,
,
,
,
,
,
,
,
,
,
,
,
,
,
,
,
,
,
,
,
,
,
,
,
,
,
,
,
,
,
,
,
,
,
,
,
,
,
,
,
,
,
,
,
,
,
,
,
,
,
,
,
,
,
,
,
,
,
,
,
,
,
,
,
,
,
,
,
,
,
,
,
,
,
,
,
,
,
,
,
,
,
,
,
,
,
,
,
,
,
,
,
,
,
,
,
,
,
,
,
,
,
,
,
,
,
,
,
,
,
,
,
,
,
,
,
,
,
,
,
,
,
,
,
,
,
,
,
,
,
,
,
,
,
,
,
,
,
,
,
,
,
,
,
,
,
,
,
,
,
,
,
,
,
,
,
,
,
,
,
,
,
,
,
,
,
,
,
,
,
,
,
,
,
,
,
,
,
,
,
,
,
,
,
,
,
,
,
,
,
,
,
,
,
,
,
,
,
,
,
,
,
,
,
,
,
,
,
,
,
,
,
,
,
,
,
,
,
,
,
,
,
,
,
,
,
,
,
,
,
,
,
,
,
,
,
,
,
,
,
,
,
,
,
,
,
,
,
,
,
,
,
,
,
,
,
,
,
,
,
,
,
,
,
,
,
,
,
,
,
,
,
,
,
,
,
,
,
,
,
,
,
,
,
,
,
,
,
,
,
,
,
,
,
,
,
,
,
,
,
,
,
,
,
,
,
,
,
,
,
,
,
,
,
,
,
,
,
,
,
,
,
,
,
,
,
,
,
,
,
,
,
,
,
,
,
,
,
,
,
,
,
,
,
,
,
,
,
,
,
,
,
,
,
,
,
,
,
,
,
,
,
,
,
,
,
,
,
,
,
,
,
,
,
,
,
,
,
,
,
,
,
,
,
,
,
,
,
,
,
,
,
,
,
,
,
,
,
,
,
,
,
,
,
,
,
,
,
,
,
,
,
,
,
,
,
,
,
,
,
,
,
,
,
,
,
,
,
,
,
,
,
,
,
,
,
,
,
,
,
,
,
,
,
,
,
,
,
,
,
,
,
,
,
,
,
,
,
,
,
,
,
,
,
,
,
,
,
,
,
,
,
,
,
,
,
,
,
,
,
,
,
,
,
,
,
,
,
,
,
,
,
,
,
,
,
,
,
,
,
,
,
,
,
,
,
,
,
,
,
,
,
,
,
,
,
,
,
,
,
,
,
,
,
,
,
,
,
,
,
,
,
,
,
,
,
,
,
,
,
,
,
,
,
,
,
,
,
,
,
,
,
,
,
,
,
,
,
,
,
,
,
,
,
,
,
,
,
,
,
,
,
,
,
,
,
,
,
,
,
,
,
,
,
,
,
,
,
,
,
,
,
,
,
,
,
,
,
,
,
,
,
,
,
,
,
,
,
,
,
,
,
,
,
,
,
,
,
,
,
,
,
,
,
,
,
,
,
,
,
,
,
,
,
,
,
,
,
,
,
,
,
,
,
,
,
,
,
,
,
,
,
,
,
,
,
,
,
,
,
,
,
,
,
,
,
,
,
,
,
,
,
,
,
,
,
,
,
,
,
,
,
,
,
,
,
,
,
,
,
,
,
,
,
,
,
,
,
,
,
,
,
,
,
,
,
,
,
,
,
,
,
,
,
,
,
,
,
,
,
,
,
,
,
,
,
,
,
,
,
,
,
,
,
,
,
,
,
,
,
,
,
,
,
,
,
,
,
,
,
,
,
,
,
,
,
,
,
,
,
,
,
,
,
,
,
,
,
,
,
,
,
,
,
,
,
,
,
,
,
,
,
,
,
,
,
,
,
,
,
,
,
,
,
,
,
,
,
,
,
,
,
,
,
,
,
,
,
,
,
,
,
,
,
,
,
,
,
,
,
,
,
,
,
,
,
,
,
,
,
,
,
,
,
,
,
,
,
,
,
,
,
,
,
,
,
,
,
,
,
,
,
,
,
,
,
,
,
,
,
,
,
,
,
,
,
,
,
,
,
,
,
,
,
,
,
,
,
,
,
,
,
,
,
,
,
,
,
,
,
,
,
,
,
,
,
,
,
,
,
,
,
,
,
,
,
,
,
,
,
,
,
,
,
,
,
,
,
,
,
,
,
,
,
,
,
,
,
,
,
,
,
,
,
,
,
,
,
,
,
,
,
,
,
,
,
,
,
,
,
,
,
,
,
,
,
,
,
,
,
,
,
,
,
,
,
,
,
,
,
,
,
,
,
,
,
,
,
,
,
,
,
,
,
,
,
,
,
,
,
,
,
,
,
,
,
,
,
,
,
,
,
,
,
,
,
,
,
,
,
,
,
,
,
,
,
,
,
,
,
,
,
,
,
,
,
,
,
,
,
,
,
,
,
,
,
,
,
,
,
,
,
,
,
,
,
,
,
,
,
,
,
,
,
,
,
,
,
,
,
,
,
,
,
,
,
,
,
,
,
,
,
,
,
,
,
,
,
,
,
,
,
,
,
,
,
,
,
,
,
,
,
,
,
,
,
,
,
,
,
,
,
,
,
,
,
,
,
,
,
,
,
,
,
,
,
,
,
,
,
,
,
,
,
,
,
,
,
,
,
,
,
,
,
,
,
,
,
,
,
,
,
,
,
,
,
,
,
,
,
,
,
,
,
,
,
,
,
,
,
,
,
,
,
,
,
,
,
,
,
,
,
,
,
,
,
,
,
,
,
,
,
,
,
,
,
,
,
,
,
,
,
,
,
,
,
,
,
,
,
,
,
,
,
,
,
,
,
,
,
,
,
,
,
,
,
,
,
,
,
,
,
,
,
,
,
,
,
,
,
,
,
,
,
,
,
,
,
,
,
,
,
,
,
,
,
,
,
,
,
,
,
,
,
,
,
,
,
,
,
,
,
,
,
,
,
,
,
,
,
,
,
,
,
,
,
,
,
,
,
,
,
,
,
,
,
,
,
,
,
,
,
,
,
,
,
,
,
,
,
,
,
,
,
,
,
,
,
,
,
,
,
,
,
,
,
,
,
,
,
,
,
,
,
,
,
,
,
,
,
,
,
,
,
,
,
,
,
,
,
,
,
,
,
,
,
,
,
,
,
,
,
,
,
,
,
,
,
,
,
,
,
,
,
,
,
,
,
,
,
,
,
,
,
,
,
,
,
,
,
,
,
,
,
,
,
,
,
,
,
,
,
,
,
,
,
,
,
,
,
,
,
,
,
,
,
,
,
,
,
,
,
,
,
,
,
,
,
,
,
,
,
,
,
,
,
,
,
,
,
,
,
,
,
,
,
,
,
,
,
,
,
,
,
,
,
,
,
,
,
,
,
,
,
,
,
,
,
,
,
,
,
,
,
,
,
,
,
,
,
,
,
,
,
,
,
,
,
,
,
,
,
,
,
,
,
,
,
,
,
,
,
,
,
,
,
,
,
,
,
,
,
,
,
,
,
,
,
,
,
,
,
,
,
,
,
,
,
,
,
,
,
,
,
,
,
,
,
,
,
,
,
,
,
,
,
,
,
,
,
,
,
,
,
,
,
,
,
,
,
,
,
,
,
,
,
,
,
,
,
,
,
,
,
,
,
,
,
,
,
,
,
,
,
,
,
,
,
,
,
,
,
,
,
,
,
,
,
,
,
,
,
,
,
,
,
,
,
,
,
,
,
,
,
,
,
,
,
,
,
,
,
,
,
,
,
,
,
,
,
,
,
,
,
,
,
,
,
,
,
,
,
,
,
,
,
,
,
,
,
,
,
,
,
,
,
,
,
,
,
,
,
,
,
,
,
,
,
,
,
,
,
,
,
,
,
,
,
,
,
,
,
,
,
,
,
,
,
,
,
,
,
,
,
,
,
,
,
,
,
,
,
,
,
,
,
,
,
,
,
,
,
,
,
,
,
,
,
,
,
,
,
,
,
,
,
,
,
,
,
,
,
,
,
,
,
,
,
,
,
,
,
,
,
,
,
,
,
,
,
,
,
,
,
,
,
,
,
,
,
,
,
,
,
,
,
,
,
,
,
,
,
,
,
,
,
,
,
,
,
,
,
,
,
,
,
,
,
,
,
,
,
,
,
,
,
,
,
,
,
,
,
,
,
,
,
,
,
,
,
,
,
,
,
,
,
,
,
,
,
,
,
,
,
,
,
,
,
,
,
,
,
,
,
,
,
,
,
,
,
,
,
,
,
,
,
,
,
,
,
,
,
,
,
,
,
,
,
,
,
,
,
,
,
,
,
,
,
,
,
,
,
,
,
,
,
,
,
,
,
,
,
,
,
,
,
,
,
,
,
,
,
,
,
,
,
,
,
,
,
,
,
,
,
,
,
,
,
,
,
,
,
,
,
,
,
,
,
,
,
,
,
,
,
,
,
,
,
,
,
,
,
,
,
,
,
,
,
,
,
,
,
,
,
,
,
,
,
,
,
,
,
,
,
,
,
,
,
,
,
,
,
,
,
,
,
,
,
,
,
,
,
,
,
,
,
,
,
,
,
,
,
,
,
,
,
,
,
,
,
,
,
,
,
,
,
,
,
,
,
,
,
,
,
,
,
,
,
,
,
,
,
,
,
,
,
,
,
,
,
,
,
,
,
,
,
,
,
,
,
,
,
,
,
,
,
,
,
,
,
,
,
,
,
,
,
,
,
,
,
,
,
,
,
,
,
,
,
,
,
,
,
,
,
,
,
,
,
,
,
,
,
,
,
,
,
,
,
,
,
,
,
,
,
,
,
,
,
,
,
,
,
,
,
,
,
,
,
,
,
,
,
,
,
,
,
,
,
,
,
,
,
,
,
,
,
,
,
,
,
,
,
,
,
,
,
,
,
,
,
,
,
,
,
,
,
,
,
,
,
,
,
,
,
,
,
,
,
,
,
,
,
,
,
,
,
,
,
,
,
,
,
,
,
,
,
,
,
,
,
,
,
,
,
,
,
,
,
,
,
,
,
,
,
,
,
,
,
,
,
,
,
,
,
,
,
,
,
,
,
,
,
,
,
,
,
,
,
,
,
,
,
,
,
,
,
,
,
,
,
,
,
,
,
,
,
,
,
,
,
,
,
,
,
,
,
,
,
,
,
,
,
,
,
,
,
,
,
,
,
,
,
,
,
,
,
,
,
,
,
,
,
,
,
,
,
,
,
,
,
,
,
,
,
,
,
,
,
,
,
,
,
,
,
,
,
,
,
,
,
,
,
,
,
,
,
,
,
,
,
,
,
,
,
,
,
,
,
,
,
,
,
,
,
,
,
,
,
,
,
,
,
,
,
,
,
,
,
,
,
,
,
,
,
,
,
,
,
,
,
,
,
,
,
,
,
,
,
,
,
,
,
,
,
,
,
,
,
,
,
,
,
,
,
,
,
,
,
,
,
,
,
,
,
,
,
,
,
,
,
,
,
,
,
,
,
,
,
,
,
,
,
,
,
,
,
,
,
,
,
,
,
,
,
,
,
,
,
,
,
,
,
,
,
,
,
,
,
,
,
,
,
,
,
,
,
,
,
,
,
,
,
,
,
,
,
,
,
,
,
,
,
,
,
,
,
,
,
,
,
,
,
,
,
,
,
,
,
,
,
,
,
,
,
,
,
,
,
,
,
,
,
,
,
,
,
,
,
,
,
,
,
,
,
,
,
,
,
,
,
,
,
,
,
,
,
,
,
,
,
,
,
,
,
,
,
,
,
,
,
,
,
,
,
,
,
,
,
,
,
,
,
,
,
,
,
,
,
,
,
,
,
,
,
,
,
,
,
,
,
,
,
,
,
,
,
,
,
,
,
,
,
,
,
,
,
,
,
,
,
,
,
,
,
,
,
,
,
,
,
,
,
,
,
,
,
,
,
,
,
,
,
,
,
,
,
,
,
,
,
,
,
,
,
,
,
,
,
,
,
,
,
,
,
,
,
,
,
,
,
,
,
,
,
,
,
,
,
,
,
,
,
,
,
,
,
,
,
,
,
,
,
,
,
,
,
,
,
,
,
,
,
,
,
,
,
,
,
,
,
,
,
,
,
,
,
,
,
,
,
,
,
,
,
,
,
,
,
,
,
,
,
,
,
,
,
,
,
,
,
,
,
,
,
,
,
,
,
,
,
,
,
,
,
,
,
,
,
,
,
,
,
,
,
,
,
,
,
,
,
,
,
,
,
,
,
,
,
,
,
,
,
,
,
,
,
,
,
,
,
,
,
,
,
,
,
,
,
,
,
,
,
,
,
,
,
,
,
,
,
,
,
,
,
,
,
,
,
,
,
,
,
,
,
,
,
,
,
,
,
,
,
,
,
,
,
,
,
,
,
,
,
,
,
,
,
,
,
,
,
,
,
,
,
,
,
,
,
,
,
,
,
,
,
,
,
,
,
,
,
,
,
,
,
,
,
,
,
,
,
,
,
,
,
,
,
,
,
,
,
,
,
,
,
,
,
,
,
,
,
,
,
,
,
,
,
,
,
,
,
,
,
,
,
,
,
,
,
,
,
,
,
,
,
,
,
,
,
,
,
,
,
,
,
,
,
,
,
,
,
,
,
,
,
,
,
,
,
,
,
,
,
,
,
,
,
,
,
,
,
,
,
,
,
,
,
,
,
,
,
,
,
,
,
,
,
,
,
,
,
,
,
,
,
,
,
,
,
,
,
,
,
,
,
,
,
,
,
,
,
,
,
,
,
,
,
,
,
,
,
,
,
,
,
,
,
,
,
,
,
,
,
,
,
,
,
,
,
,
,
,
,
,
,
,
,
,
,
,
,
,
,
,
,
,
,
,
,
,
,
,
,
,
,
,
,
,
,
,
,
,
,
,
,
,
,
,
,
,
,
,
,
,
,
,
,
,
,
,
,
,
,
,
,
,
,
,
,
,
,
,
,
,
,
,
,
,
,
,
,
,
,
,
,
,
,
,
,
,
,
,
,
,
,
,
,
,
,
,
,
,
,
,
,
,
,
,
,
,
,
,
,
,
,
,
,
,
,
,
,
,
,
,
,
,
,
,
,
,
,
,
,
,
,
,
,
,
,
,
,
,
,
,
,
,
,
,
,
,
,
,
,
,
,
,
,
,
,
,
,
,
,
,
,
,
,
,
,
,
,
,
,
,
,
,
,
,
,
,
,
,
,
,
,
,
,
,
,
,
,
,
,
,
,
,
,
,
,
,
,
,
,
,
,
,
,
,
,
,
,
,
,
,
,
,
,
,
,
,
,
,
,
,
,
,
,
,
,
,
,
,
,
,
,
,
,
,
,
,
,
,
,
,
,
,
,
,
,
,
,
,
,
,
,
,
,
,
,
,
,
,
,
,
,
,
,
,
,
,
,
,
,
,
,
,
,
,
,
,
,
,
,
,
,
,
,
,
,
,
,
,
,
,
,
,
,
,
,
,
,
,
,
,
,
,
,
,
,
,
,
,
,
,
,
,
,
,
,
,
,
,
,
,
,
,
,
,
,
,
,
,
,
,
,
,
,
,
,
,
,
,
,
,
,
,
,
,
,
,
,
,
,
,
,
,
,
,
,
,
,
,
,
,
,
,
,
,
,
,
,
,
,
,
,
,
,
,
,
,
,
,
,
,
,
,
,
,
,
,
,
,
,
,
,
,
,
,
,
,
,
,
,
,
,
,
,
,
,
,
,
,
,
,
,
,
,
,
,
,
,
,
,
,
,
,
,
,
,
,
,
,
,
,
,
,
,
,
,
,
,
,
,
,
,
,
,
,
,
,
,
,
,
,
,
,
,
,
,
,
,
,
,
,
,
,
,
,
,
,
,
,
,
,
,
,
,
,
,
,
,
,
,
,
,
,
,
,
,
,
,
,
,
,
,
,
,
,
,
,
,
,
,
,
,
,
,
,
,
,
,
,
,
,
,
,
,
,
,
,
,
,
,
,
,
,
,
,
,
,
,
,
,
,
,
,
,
,
,
,
,
,
,
,
,
,
,
,
,
,
,
,
,
,
,
,
,
,
,
,
,
,
,
,
,
,
,
,
,
,
,
,
,
,
,
,
,
,
,
,
,
,
,
,
,
,
,
,
,
,
,
,
,
,
,
,
,
,
,
,
,
,
,
,
,
,
,
,
,
,
,
,
,
,
,
,
,
,
,
,
,
,
,
,
,
,
,
,
,
,
,
,
,
,
,
,
,
,
,
,
,
,
,
,
,
,
,
,
,
,
,
,
,
,
,
,
,
,
,
,
,
,
,
,
,
,
,
,
,
,
,
,
,
,
,
,
,
,
,
,
,
,
,
,
,
,
,
,
,
,
,
,
,
,
,
,
,
,
,
,
,
,
,
,
,
,
,
,
,
,
,
,
,
,
,
,
,
,
,
,
,
,
,
,
,
,
,
,
,
,
,
,
,
,
,
,
,
,
,
,
,
,
,
,
,
,
,
,
,
,
,
,
,
,
,
,
,
,
,
,
,
,
,
,
,
,
,
,
,
,
,
,
,
,
,
,
,
,
,
,
,
,
,
,
,
,
,
,
,
,
,
,
,
,
,
,
,
,
,
,
,
,
,
,
,
,
,
,
,
,
,
,
,
,
,
,
,
,
,
,
,
,
,
,
,
,
,
,
,
,
,
,
,
,
,
,
,
,
,
,
,
,
,
,
,
,
,
,
,
,
,
,
,
,
,
,
,
,
,
,
,
,
,
,
,
,
,
,
,
,
,
,
,
,
,
,
,
,
,
,
,
,
,
,
,
,
,
,
,
,
,
,
,
,
,
,
,
,
,
,
,
,
,
,
,
,
,
,
,
,
,
,
,
,
,
,
,
,
,
,
,
,
,
,
,
,
,
,
,
,
,
,
,
,
,
,
,
,
,
,
,
,
,
,
,
,
,
,
,
,
,
,
,
,
,
,
,
,
,
,
,
,
,
,
,
,
,
,
,
,
,
,
,
,
,
,
,
,
,
,
,
,
,
,
,
,
,
,
,
,
,
,
,
,
,
,
,
,
,
,
,
,
,
,
,
,
,
,
,
,
,
,
,
,
,
,
,
,
,
,
,
,
,
,
,
,
,
,
,
,
,
,
,
,
,
,
,
,
,
,
,
,
,
,
,
,
,
,
,
,
,
,
,
,
,
,
,
,
,
,
,
,
,
,
,
,
,
,
,
,
,
,
,
,
,
,
,
,
,
,
,
,
,
,
,
,
,
,
,
,
,
,
,
,
,
,
,
,
,
,
,
,
,
,
,
,
,
,
,
,
,
,
,
,
,
,
,
,
,
,
,
,
,
,
,
,
,
,
,
,
,
,
,
,
,
,
,
,
,
,
,
,
,
,
,
,
,
,
,
,
,
,
,
,
,
,
,
,
,
,
,
,
,
,
,
,
,
,
,
,
,
,
,
,
,
,
,
,
,
,
,
,
,
,
,
,
,
,
,
,
,
,
,
,
,
,
,
,
,
,
,
,
,
,
,
,
,
,
,
,
,
,
,
,
,
,
,
,
,
,
,
,
,
,
,
,
,
,
,
,
,
,
,
,
,
,
,
,
,
,
,
,
,
,
,
,
,
,
,
,
,
,
,
,
,
,
,
,
,
,
,
,
,
,
,
,
,
,
,
,
,
,
,
,
,
,
,
,
,
,
,
,
,
,
,
,
,
,
,
,
,
,
,
,
,
,
,
,
,
,
,
,
,
,
,
,
,
,
,
,
,
,
,
,
,
,
,
,
,
,
,
,
,
,
,
,
,
,
,
,
,
,
,
,
,
,
,
,
,
,
,
,
,
,
,
,
,
,
,
,
,
,
,
,
,
,
,
,
,
,
,
,
,
,
,
,
,
,
,
,
,
,
,
,
,
,
,
,
,
,
,
,
,
,
,
,
,
,
,
,
,
,
,
,
,
,
,
,
,
,
,
,
,
,
,
,
,
,
,
,
,
,
,
,
,
,
,
,
,
,
,
,
,
,
,
,
,
,
,
,
,
,
,
,
,
,
,
,
,
,
,
,
,
,
,
,
,
,
,
,
,
,
,
,
,
,
,
,
,
,
,
,
,
,
,
,
,
,
,
,
,
,
,
,
,
,
,
,
,
,
,
,
,
,
,
,
,
,
,
,
,
,
,
,
,
,
,
,
,
,
,
,
,
,
,
,
,
,
,
,
,
,
,
,
,
,
,
,
,
,
,
,
,
,
,
,
,
,
,
,
,
,
,
,
,
,
,
,
,
,
,
,
,
,
,
,
,
,
,
,
,
,
,
,
,
,
,
,
,
,
,
,
,
,
,
,
,
,
,
,
,
,
,
,
,
,
,
,
,
,
,
,
,
,
,
,
,
,
,
,
,
,
,
,
,
,
,
,
,
,
,
,
,
,
,
,
,
,
,
,
,
,
,
,
,
,
,
,
,
,
,
,
,
,
,
,
,
,
,
,
,
,
,
,
,
,
,
,
,
,
,
,
,
,
,
,
,
,
,
,
,
,
,
,
,
,
,
,
,
,
,
,
,
,
,
,
,
,
,
,
,
,
,
,
,
,
,
,
,
,
,
,
,
,
,
,
,
,
,
,
,
,
,
,
,
,
,
,
,
,
,
,
,
,
,
,
,
,
,
,
,
,
,
,
,
,
,
,
,
,
,
,
,
,
,
,
,
,
,
,
,
,
,
,
,
,
,
,
,
,
,
,
,
,
,
,
,
,
,
,
,
,
,
,
,
,
,
,
,
,
,
,
,
,
,
,
,
,
,
,
,
,
,
,
,
,
,
,
,
,
,
,
,
,
,
,
,
,
,
,
,
,
,
,
,
,
,
,
,
,
,
,
,
,
,
,
,
,
,
,
,
,
,
,
,
,
,
,
,
,
,
,
,
,
,
,
,
,
,
,
,
,
,
,
,
,
,
,
,
,
,
,
,
,
,
,
,
,
,
,
,
,
,
,
,
,
,
,
,
,
,
,
,
,
,
,
,
,
,
,
,
,
,
,
,
,
,
,
,
,
,
,
,
,
,
,
,
,
,
,
,
,
,
,
,
,
,
,
,
,
,
,
,
,
,
,
,
,
,
,
,
,
,
,
,
,
,
,
,
,
,
,
,
,
,
,
,
,
,
,
,
,
,
,
,
,
,
,
,
,
,
,
,
,
,
,
,
,
,
,
,
,
,
,
,
,
,
,
,
,
,
,
,
,
,
,
,
,
,
,
,
,
,
,
,
,
,
,
,
,
,
,
,
,
,
,
,
,
,
,
,
,
,
,
,
,
,
,
,
,
,
,
,
,
,
,
,
,
,
,
,
,
,
,
,
,
,
,
,
,
,
,
,
,
,
,
,
,
,
,
,
,
,
,
,
,
,
,
,
,
,
,
,
,
,
,
,
,
,
,
,
,
,
,
,
,
,
,
,
,
,
,
,
,
,
,
,
,
,
,
,
,
,
,
,
,
,
,
,
,
,
,
,
,
,
,
,
,
,
,
,
,
,
,
,
,
,
,
,
,
,
,
,
,
,
,
,
,
,
,
,
,
,
,
,
,
,
,
,
,
,
,
,
,
,
,
,
,
,
,
,
,
,
,
,
,
,
,
,
,
,
,
,
,
,
,
,
,
,
,
,
,
,
,
,
,
,
,
,
,
,
,
,
,
,
,
,
,
,
,
,
,
,
,
,
,
,
,
,
,
,
,
,
,
,
,
,
,
,
,
,
,
,
,
,
,
,
,
,
,
,
,
,
,
,
,
,
,
,
,
,
,
,
,
,
,
,
,
,
,
,
,
,
,
,
,
,
,
,
,
,
,
,
,
,
,
,
,
,
,
,
,
,
,
,
,
,
,
,
,
,
,
,
,
,
,
,
,
,
,
,
,
,
,
,
,
,
,
,
,
,
,
,
,
,
,
,
,
,
,
,
,
,
,
,
,
,
,
,
,
,
,
,
,
,
,
,
,
,
,
,
,
,
,
,
,
,
,
,
,
,
,
,
,
,
,
,
,
,
,
,
,
,
,
,
,
,
,
,
,
,
,
,
,
,
,
,
,
,
,
,
,
,
,
,
,
,
,
,
,
,
,
,
,
,
,
,
,
,
,
,
,
,
,
,
,
,
,
,
,
,
,
,
,
,
,
,
,
,
,
,
,
,
,
,
,
,
,
,
,
,
,
,
,
,
,
,
,
,
,
,
,
,
,
,
,
,
,
,
,
,
,
,
,
,
,
,
,
,
,
,
,
,
,
,
,
,
,
,
,
,
,
,
,
,
,
,
,
,
,
,
,
,
,
,
,
,
,
,
,
,
,
,
,
,
,
,
,
,
,
,
,
,
,
,
,
,
,
,
,
,
,
,
,
,
,
,
,
,
,
,
,
,
,
,
,
,
,
,
,
,
,
,
,
,
,
,
,
,
,
,
,
,
,
,
,
,
,
,
,
,
,
,
,
,
,
,
,
,
,
,
,
,
,
,
,
,
,
,
,
,
,
,
,
,
,
,
,
,
,
,
,
,
,
,
,
,
,
,
,
,
,
,
,
,
,
,
,
,
,
,
,
,
,
,
,
,
,
,
,
,
,
,
,
,
,
,
,
,
,
,
,
,
,
,
,
,
,
,
,
,
,
,
,
,
,
,
,
,
,
,
,
,
,
,
,
,
,
,
,
,
,
,
,
,
,
,
,
,
,
,
,
,
,
,
,
,
,
,
,
,
,
,
,
,
,
,
,
,
,
,
,
,
,
,
,
,
,
,
,
,
,
,
,
,
,
,
,
,
,
,
,
,
,
,
,
,
,
,
,
,
,
,
,
,
,
,
,
,
,
,
,
,
,
,
,
,
,
,
,
,
,
,
,
,
,
,
,
,
,
,
,
,
,
,
,
,
,
,
,
,
,
,
,
,
,
,
,
,
,
,
,
,
,
,
,
,
,
,
,
,
,
,
,
,
,
,
,
,
,
,
,
,
,
,
,
,
,
,
,
,
,
,
,
,
,
,
,
,
,
,
,
,
,
,
,
,
,
,
,
,
,
,
,
,
,
,
,
,
,
,
,
,
,
,
,
,
,
,
,
,
,
,
,
,
,
,
,
,
,
,
,
,
,
,
,
,
,
,
,
,
,
,
,
,
,
,
,
,
,
,
,
,
,
,
,
,
,
,
,
,
,
,
,
,
,
,
,
,
,
,
,
,
,
,
,
,
,
,
,
,
,
,
,
,
,
,
,
,
,
,
,
,
,
,
,
,
,
,
,
,
,
,
,
,
,
,
,
,
,
,
,
,
,
,
,
,
,
,
,
,
,
,
,
,
,
,
,
,
,
,
,
,
,
,
,
,
,
,
,
,
,
,
,
,
,
,
,
,
,
,
,
,
,
,
,
,
,
,
,
,
,
,
,
,
,
,
,
,
,
,
,
,
,
,
,
,
,
,
,
,
,
,
,
,
,
,
,
,
,
,
,
,
,
,
,
,
,
,
,
,
,
,
,
,
,
,
,
,
,
,
,
,
,
,
,
,
,
,
,
,
,
,
,
,
,
,
,
,
,
,
,
,
,
,
,
,
,
,
,
,
,
,
,
,
,
,
,
,
,
,
,
,
,
,
,
,
,
,
,
,
,
,
,
,
,
,
,
,
,
,
,
,
,
,
,
,
,
,
,
,
,
,
,
,
,
,
,
,
,
,
,
,
,
,
,
,
,
,
,
,
,
,
,
,
,
,
,
,
,
,
,
,
,
,
,
,
,
,
,
,
,
,
,
,
,
,
,
,
,
,
,
,
,
,
,
,
,
,
,
,
,
,
,
,
,
,
,
,
,
,
,
,
,
,
,
,
,
,
,
,
,
,
,
,
,
,
,
,
,
,
,
,
,
,
,
,
,
,
,
,
,
,
,
,
,
,
,
,
,
,
,
,
,
,
,
,
,
,
,
,
,
,
,
,
,
,
,
,
,
,
,
,
,
,
,
,
,
,
,
,
,
,
,
,
,
,
,
,
,
,
,
,
,
,
,
,
,
,
,
,
,
,
,
,
,
,
,
,
,
,
,
,
,
,
,
,
,
,
,
,
,
,
,
,
,
,
,
,
,
,
,
,
,
,
,
,
,
,
,
,
,
,
,
,
,
,
,
,
,
,
,
,
,
,
,
,
,
,
,
,
,
,
,
,
,
,
,
,
,
,
,
,
,
,
,
,
,
,
,
,
,
,
,
,
,
,
,
,
,
,
,
,
,
,
,
,
,
,
,
,
,
,
,
,
,
,
,
,
,
,
,
,
,
,
,
,
,
,
,
,
,
,
,
,
,
,
,
,
,
,
,
,
,
,
,
,
,
,
,
,
,
,
,
,
,
,
,
,
,
,
,
,
,
,
,
,
,
,
,
,
,
,
,
,
,
,
,
,
,
,
,
,
,
,
,
,
,
,
,
,
,
,
,
,
,
,
,
,
,
,
,
,
,
,
,
,
,
,
,
,
,
,
,
,
,
,
,
,
,
,
,
,
,
,
,
,
,
,
,
,
,
,
,
,
,
,
,
,
,
,
,
,
,
,
,
,
,
,
,
,
,
,
,
,
,
,
,
,
,
,
,
,
,
,
,
,
,
,
,
,
,
,
,
,
,
,
,
,
,
,
,
,
,
,
,
,
,
,
,
,
,
,
,
,
,
,
,
,
,
,
,
,
,
,
,
,
,
,
,
,
,
,
,
,
,
,
,
,
,
,
,
,
,
,
,
,
,
,
,
,
,
,
,
,
,
,
,
,
,
,
,
,
,
,
,
,
,
,
,
,
,
,
,
,
,
,
,
,
,
,
,
,
,
,
,
,
,
,
,
,
,
,
,
,
,
,
,
,
,
,
,
,
,
,
,
,
,
,
,
,
,
,
,
,
,
,
,
,
,
,
,
,
,
,
,
,
,
,
,
,
,
,
,
,
,
,
,
,
,
,
,
,
,
,
,
,
,
,
,
,
,
,
,
,
,
,
,
,
,
,
,
,
,
,
,
,
,
,
,
,
,
,
,
,
,
,
,
,
,
,
,
,
,
,
,
,
,
,
,
,
,
,
,
,
,
,
,
,
,
,
,
,
,
,
,
,
,
,
,
,
,
,
,
,
,
,
,
,
,
,
,
,
,
,
,
,
,
,
,
,
,
,
,
,
,
,
,
,
,
,
,
,
,
,
,
,
,
,
,
,
,
,
,
,
,
,
,
,
,
,
,
,
,
,
,
,
,
,
,
,
,
,
,
,
,
,
,
,
,
,
,
,
,
,
,
,
,
,
,
,
,
,
,
,
,
,
,
,
,
,
,
,
,
,
,
,
,
,
,
,
,
,
,
,
,
,
,
,
,
,
,
,
,
,
,
,
,
,
,
,
,
,
,
,
,
,
,
,
,
,
,
,
,
,
,
,
,
,
,
,
,
,
,
,
,
,
,
,
,
,
,
,
,
,
,
,
,
,
,
,
,
,
,
,
,
,
,
,
,
,
,
,
,
,
,
,
,
,
,
,
,
,
,
,
,
,
,
,
,
,
,
,
,
,
,
,
,
,
,
,
,
,
,
,
,
,
,
,
,
,
,
,
,
,
,
,
,
,
,
,
,
,
,
,
,
,
,
,
,
,
,
,
,
,
,
,
,
,
,
,
,
,
,
,
,
,
,
,
,
,
,
,
,
,
,
,
,
,
,
,
,
,
,
,
,
,
,
,
,
,
,
,
,
,
,
,
,
,
,
,
,
,
,
,
,
,
,
,
,
,
,
,
,
,
,
,
,
,
,
,
,
,
,
,
,
,
,
,
,
,
,
,
,
,
,
,
,
,
,
,
,
,
,
,
,
,
,
,
,
,
,
,
,
,
,
,
,
,
,
,
,
,
,
,
,
,
,
,
,
,
,
,
,
,
,
,
,
,
,
,
,
,
,
,
,
,
,
,
,
,
,
,
,
,
,
,
,
,
,
,
,
,
,
,
,
,
,
,
,
,
,
,
,
,
,
,
,
,
,
,
,
,
,
,
,
,
,
,
,
,
,
,
,
,
,
,
,
,
,
,
,
,
,
,
,
,
,
,
,
,
,
,
,
,
,
,
,
,
,
,
,
,
,
,
,
,
,
,
,
,
,
,
,
,
,
,
,
,
,
,
,
,
,
,
,
,
,
,
,
,
,
,
,
,
,
,
,
,
,
,
,
,
,
,
,
,
,
,
,
,
,
,
,
,
,
,
,
,
,
,
,
,
,
,
,
,
,
,
,
,
,
,
,
,
,
,
,
,
,
,
,
,
,
,
,
,
,
,
,
,
,
,
,
,
,
,
,
,
,
,
,
,
,
,
,
,
,
,
,
,
,
,
,
,
,
,
,
,
,
,
,
,
,
,
,
,
,
,
,
,
,
,
,
,
,
,
,
,
,
,
,
,
,
,
,
,
,
,
,
,
,
,
,
,
,
,
,
,
,
,
,
,
,
,
,
,
,
,
,
,
,
,
,
,
,
,
,
,
,
,
,
,
,
,
,
,
,
,
,
,
,
,
,
,
,
,
,
,
,
,
,
,
,
,
,
,
,
,
,
,
,
,
,
,
,
,
,
,
,
,
,
,
,
,
,
,
,
,
,
,
,
,
,
,
,
,
,
,
,
,
,
,
,
,
,
,
,
,
,
,
,
,
,
,
,
,
,
,
,
,
,
,
,
,
,
,
,
,
,
,
,
,
,
,
,
,
,
,
,
,
,
,
,
,
,
,
,
,
,
,
,
,
,
,
,
,
,
,
,
,
,
,
,
,
,
,
,
,
,
,
,
,
,
,
,
,
,
,
,
,
,
,
,
,
,
,
,
,
,
,
,
,
,
,
,
,
,
,
,
,
,
,
,
,
,
,
,
,
,
,
,
,
,
,
,
,
,
,
,
,
,
,
,
,
,
,
,
,
,
,
,
,
,
,
,
,
,
,
,
,
,
,
,
,
,
,
,
,
,
,
,
,
,
,
,
,
,
,
,
,
,
,
,
,
,
,
,
,
,
,
,
,
,
,
,
,
,
,
,
,
,
,
,
,
,
,
,
,
,
,
,
,
,
,
,
,
,
,
,
,
,
,
,
,
,
,
,
,
,
,
,
,
,
,
,
,
,
,
,
,
,
,
,
,
,
,
,
,
,
,
,
,
,
,
,
,
,
,
,
,
,
,
,
,
,
,
,
,
,
,
,
,
,
,
,
,
,
,
,
,
,
,
,
,
,
,
,
,
,
,
,
,
,
,
,
,
,
,
,
,
,
,
,
,
,
,
,
,
,
,
,
,
,
,
,
,
,
,
,
,
,
,
,
,
,
,
,
,
,
,
,
,
,
,
,
,
,
,
,
,
,
,
,
,
,
,
,
,
,
,
,
,
,
,
,
,
,
,
,
,
,
,
,
,
,
,
,
,
,
,
,
,
,
,
,
,
,
,
,
,
,
,
,
,
,
,
,
,
,
,
,
,
,
,
,
,
,
,
,
,
,
,
,
,
,
,
,
,
,
,
,
,
,
,
,
,
,
,
,
,
,
,
,
,
,
,
,
,
,
,
,
,
,
,
,
,
,
,
,
,
,
,
,
,
,
,
,
,
,
,
,
,
,
,
,
,
,
,
,
,
,
,
,
,
,
,
,
,
,
,
,
,
,
,
,
,
,
,
,
,
,
,
,
,
,
,
,
,
,
,
,
,
,
,
,
,
,
,
,
,
,
,
,
,
,
,
,
,
,
,
,
,
,
,
,
,
,
,
,
,
,
,
,
,
,
,
,
,
,
,
,
,
,
,
,
,
,
,
,
,
,
,
,
,
,
,
,
,
,
,
,
,
,
,
,
,
,
,
,
,
,
,
,
,
,
,
,
,
,
,
,
,
,
,
,
,
,
,
,
,
,
,
,
,
,
,
,
,
,
,
,
,
,
,
,
,
,
,
,
,
,
,
,
,
,
,
,
,
,
,
,
,
,
,
,
,
,
,
,
,
,
,
,
,
,
,
,
,
,
,
,
,
,
,
,
,
,
,
,
,
,
,
,
,
,
,
,
,
,
,
,
,
,
,
,
,
,
,
,
,
,
,
,
,
,
,
,
,
,
,
,
,
,
,
,
,
,
,
,
,
,
,
,
,
,
,
,
,
,
,
,
,
,
,
,
,
,
,
,
,
,
,
,
,
,
,
,
,
,
,
,
,
,
,
,
,
,
,
,
,
,
,
,
,
,
,
,
,
,
,
,
,
,
,
,
,
,
,
,
,
,
,
,
,
,
,
,
,
,
,
,
,
,
,
,
,
,
,
,
,
,
,
,
,
,
,
,
,
,
,
,
,
,
,
,
,
,
,
,
,
,
,
,
,
,
,
,
,
,
,
,
,
,
,
,
,
,
,
,
,
,
,
,
,
,
,
,
,
,
,
,
,
,
,
,
,
,
,
,
,
,
,
,
,
,
,
,
,
,
,
,
,
,
,
,
,
,
,
,
,
,
,
,
,
,
,
,
,
,
,
,
,
,
,
,
,
,
,
,
,
,
,
,
,
,
,
,
,
,
,
,
,
,
,
,
,
,
,
,
,
,
,
,
,
,
,
,
,
,
,
,
,
,
,
,
,
,
,
,
,
,
,
,
,
,
,
,
,
,
,
,
,
,
,
,
,
,
,
,
,
,
,
,
,
,
,
,
,
,
,
,
,
,
,
,
,
,
,
,
,
,
,
,
,
,
,
,
,
,
,
,
,
,
,
,
,
,
,
,
,
,
,
,
,
,
,
,
,
,
,
,
,
,
,
,
,
,
,
,
,
,
,
,
,
,
,
,
,
,
,
,
,
,
,
,
,
,
,
,
,
,
,
,
,
,
,
,
,
,
,
,
,
,
,
,
,
,
,
,
,
,
,
,
,
,
,
,
,
,
,
,
,
,
,
,
,
,
,
,
,
,
,
,
,
,
,
,
,
,
,
,
,
,
,
,
,
,
,
,
,
,
,
,
,
,
,
,
,
,
,
,
,
,
,
,
,
,
,
,
,
,
,
,
,
,
,
,
,
,
,
,
,
,
,
,
,
,
,
,
,
,
,
,
,
,
,
,
,
,
,
,
,
,
,
,
,
,
,
,
,
,
,
,
,
,
,
,
,
,
,
,
,
,
,
,
,
,
,
,
,
,
,
,
,
,
,
,
,
,
,
,
,
,
,
,
,
,
,
,
,
,
,
,
,
,
,
,
,
,
,
,
,
,
,
,
,
,
,
,
,
,
,
,
,
,
,
,
,
,
,
,
,
,
,
,
,
,
,
,
,
,
,
,
,
,
,
,
,
,
,
,
,
,
,
,
,
,
,
,
,
,
,
,
,
,
,
,
,
,
,
,
,
,
,
,
,
,
,
,
,
,
,
,
,
,
,
,
,
,
,
,
,
,
,
,
,
,
,
,
,
,
,
,
,
,
,
,
,
,
,
,
,
,
,
,
,
,
,
,
,
,
,
,
,
,
,
,
,
,
,
,
,
,
,
,
,
,
,
,
,
,
,
,
,
,
,
,
,
,
,
,
,
,
,
,
,
,
,
,
,
,
,
,
,
,
,
,
,
,
,
,
,
,
,
,
,
,
,
,
,
,
,
,
,
,
,
,
,
,
,
,
,
,
,
,
,
,
,
,
,
,
,
,
,
,
,
,
,
,
,
,
,
,
,
,
,
,
,
,
,
,
,
,
,
,
,
,
,
,
,
,
,
,
,
,
,
,
,
,
,
,
,
,
,
,
,
,
,
,
,
,
,
,
,
,
,
,
,
,
,
,
,
,
,
,
,
,
,
,
,
,
,
,
,
,
,
,
,
,
,
,
,
,
,
,
,
,
,
,
,
,
,
,
,
,
,
,
,
,
,
,
,
,
,
,
,
,
,
,
,
,
,
,
,
,
,
,
,
,
,
,
,
,
,
,
,
,
,
,
,
,
,
,
,
,
,
,
,
,
,
,
,
,
,
,
,
,
,
,
,
,
,
,
,
,
,
,
,
,
,
,
,
,
,
,
,
,
,
,
,
,
,
,
,
,
,
,
,
,
,
,
,
,
,
,
,
,
,
,
,
,
,
,
,
,
,
,
,
,
,
,
,
,
,
,
,
,
,
,
,
,
,
,
,
,
,
,
,
,
,
,
,
,
,
,
,
,
,
,
,
,
,
,
,
,
,
,
,
,
,
,
17207,
,
,
,
,
,
,
,
,
,
,
,
1,